id,place,tag_list,count,avg_score,first_tag,second_tag,third_tag,fourth_tag,fifth_tag
1,교보문고 광화문,"['음식, 식사', '쇼핑', '아이', '구매', '휴식', '비싸다', '문화']",74,4.540540541,"음식, 식사",쇼핑,아이,구매,구매
2,롯데월드타워&몰,"['상품', '비싸다', '음식, 식사', '싸다, 저렴하다', '쇼핑', '친구', '산책']",203,4.206896552,상품,비싸다,"음식, 식사","싸다, 저렴하다","싸다, 저렴하다"
3,SM타운 코엑스아티움,"['음식, 식사', '박물관', '상품', '쇼핑', '예술', '싸다, 저렴하다', '비싸다']",66,4.181818182,"음식, 식사",박물관,상품,쇼핑,쇼핑
4,홍대앞 예술시장 프리마켓,"['음식, 식사', '쇼핑', '시장', '가격', '싸다, 저렴하다', '먹다', '공연']",75,4.386666667,"음식, 식사",쇼핑,시장,가격,가격
5,광장시장,"['음식, 식사', '시장', '먹다', '싸다, 저렴하다', '가격', '관광지', '돈']",634,4.113564669,"음식, 식사",시장,먹다,"싸다, 저렴하다","싸다, 저렴하다"
6,고투 몰,"['쇼핑', '가격', '싸다, 저렴하다', '상품', '시장', '구매', '음식, 식사']",33,4.272727273,쇼핑,가격,"싸다, 저렴하다",상품,상품
7,신세계 백화점 본점,"['쇼핑', '음식, 식사', '비싸다', '먹다', '상품', '시장', '싸다, 저렴하다']",92,4.097826087,쇼핑,"음식, 식사",비싸다,먹다,먹다
8,타임스퀘어,"['쇼핑', '음식, 식사', '영화', '비싸다', '시장', '먹다', '싸다, 저렴하다']",103,4.174757282,쇼핑,"음식, 식사",영화,비싸다,비싸다
9,가로수길,"['음식, 식사', '쇼핑', '비싸다', '싸다, 저렴하다', '먹다', '관광지', '산책']",277,3.870036101,"음식, 식사",쇼핑,비싸다,"싸다, 저렴하다","싸다, 저렴하다"
10,라인프렌즈 플래그십 스토어 명동역점,"['쇼핑', '상품', '아이', '친구', '구매', '싸다, 저렴하다', '비싸다']",38,4.3684210530000005,쇼핑,상품,아이,친구,친구
11,스타필드 코엑스몰,"['쇼핑', '음식, 식사', '비싸다', '호텔', '싸다, 저렴하다', '아쿠아리움', '먹다']",227,3.933920705,쇼핑,"음식, 식사",비싸다,호텔,호텔
12,통인시장,"['음식, 식사', '시장', '먹다', '재미', '싸다, 저렴하다', '구매', '돈']",66,4.090909091,"음식, 식사",시장,먹다,재미,재미
13,마장 축산물시장,"['음식, 식사', '시장', '먹다', '가격', '싸다, 저렴하다', '쇼핑', '구매']",30,4.4,"음식, 식사",시장,먹다,가격,가격
14,남대문시장,"['시장', '음식, 식사', '먹다', '싸다, 저렴하다', '쇼핑', '상품', '가격']",559,4.037567084,시장,"음식, 식사",먹다,"싸다, 저렴하다","싸다, 저렴하다"
15,쌈지길,"['쇼핑', '음식, 식사', '공예', '예술', '아이', '재미', '싸다, 저렴하다']",172,3.9476744189999997,쇼핑,"음식, 식사",공예,예술,예술
16,롯데백화점 본점,"['쇼핑', '음식, 식사', '비싸다', '싸다, 저렴하다', '가격', '관광지', '호텔']",159,3.899371069,쇼핑,"음식, 식사",비싸다,"싸다, 저렴하다","싸다, 저렴하다"
17,강남 지하상가,"['쇼핑', '싸다, 저렴하다', '가격', '시장', '음식, 식사', '상품', '구매']",104,3.894230769,쇼핑,"싸다, 저렴하다",가격,시장,시장
18,중부시장,"['시장', '가격', '쇼핑', '음식, 식사', '관광지', '구매', '문화']",21,3.904761905,시장,가격,쇼핑,"음식, 식사","음식, 식사"
19,IFC 몰,"['쇼핑', '음식, 식사', '비싸다', '먹다', '영화', '호텔', '싸다, 저렴하다']",108,4.0,쇼핑,"음식, 식사",비싸다,먹다,먹다
20,동대문 쇼핑몰,"['쇼핑', '싸다, 저렴하다', '가격', '시장', '비싸다', '음식, 식사', '상품']",91,3.681318681,쇼핑,"싸다, 저렴하다",가격,시장,시장
21,동대문 시장,"['쇼핑', '시장', '음식, 식사', '가격', '싸다, 저렴하다', '상품', '먹다']",124,3.782258065,쇼핑,시장,"음식, 식사",가격,가격
22,노량진 수산물 도매시장,"['시장', '음식, 식사', '먹다', '싸다, 저렴하다', '요리', '가격', '구매']",331,3.70694864,시장,"음식, 식사",먹다,"싸다, 저렴하다","싸다, 저렴하다"
23,디큐브시브,"['쇼핑', '음식, 식사', '비싸다', '호텔', '먹다', '영화', '공연']",65,4.230769231,쇼핑,"음식, 식사",비싸다,호텔,호텔
24,삼성 딜라이트,"['재미', '체험', '전시관', '쇼핑', '아이', '관광지', '시장']",65,4.015384615,재미,체험,전시관,쇼핑,쇼핑
25,카카오프렌즈 홍대 플래그십 스토어,"['친구', '상품', '음식, 식사', '아이', '구매', '재미', '싸다, 저렴하다']",21,4.285714286,친구,상품,"음식, 식사",아이,아이
26,고속터미널상가,"['쇼핑', '싸다, 저렴하다', '시장', '가격', '음식, 식사', '상품', '비싸다']",33,4.0,쇼핑,"싸다, 저렴하다",시장,가격,가격
27,신라면세점,"['쇼핑', '관광지', '구매', '비싸다', '상품', '돈', '이벤트']",52,3.673076923,쇼핑,관광지,구매,비싸다,비싸다
28,Unni Tour,"['유적지', '친구']",2,5.0,유적지,친구,Nan,Nan,Nan
29,현대백화점 압구정본점,"['쇼핑', '음식, 식사', '비싸다', '먹다', '돈', '아이', '관광지']",32,4.375,쇼핑,"음식, 식사",비싸다,먹다,먹다
30,커먼그라운드,"['쇼핑', '음식, 식사', '비싸다', '먹다', '싸다, 저렴하다', '가격', '재미']",69,3.6086956519999998,쇼핑,"음식, 식사",비싸다,먹다,먹다
31,압구정 로데오 거리,"['쇼핑', '음식, 식사', '비싸다', '관광지', '먹다', '싸다, 저렴하다', '친구']",37,3.594594595,쇼핑,"음식, 식사",비싸다,관광지,관광지
32,신세계 강남점,"['쇼핑', '음식, 식사', '먹다', '비싸다', '호텔', '아이', '영화']",31,4.161290323,쇼핑,"음식, 식사",먹다,비싸다,비싸다
33,프린세스다이어리 이대점,"['재미', '친구', '호텔', '먹다', '음식, 식사', '구매', '가족']",17,4.823529412,재미,친구,호텔,먹다,먹다
34,경동시장,"['시장', '싸다, 저렴하다', '구매', '가격', '먹다', '재미', '비싸다']",30,4.1,시장,"싸다, 저렴하다",구매,가격,가격
35,라인 프렌즈 플래그십 스토어 가로수길점,"['쇼핑', '상품', '구매', '아이', '음식, 식사', '돈', '친구']",17,4.2352941180000006,쇼핑,상품,구매,아이,아이
36,롯데아울렛 서울역점,"['쇼핑', '가격', '비싸다', '싸다, 저렴하다', '구매', '상품', '음식, 식사']",68,3.573529412,쇼핑,가격,비싸다,"싸다, 저렴하다","싸다, 저렴하다"
37,스타일난다 핑크호텔,"['음식, 식사', '재미', '쇼핑', '비싸다', '호텔', '상품', '휴식']",17,4.4117647060000005,"음식, 식사",재미,쇼핑,비싸다,비싸다
38,아이파크몰,"['쇼핑', '음식, 식사', '아이', '먹다', '영화', '시장', '비싸다']",49,3.7346938780000003,쇼핑,"음식, 식사",아이,먹다,먹다
39,동대문 밀리오레,"['쇼핑', '가격', '싸다, 저렴하다', '구매', '상품', '비싸다', '아이']",47,3.468085106,쇼핑,가격,"싸다, 저렴하다",구매,구매
40,롯데 영플라자 명동점,"['쇼핑', '비싸다', '호텔', '돈', '싸다, 저렴하다', '상품', '음식, 식사']",27,3.62962963,쇼핑,비싸다,호텔,돈,돈
41,서울약령시장,"['시장', '재미', '구매', '자연', '관광지']",6,4.5,시장,재미,구매,자연,자연
42,두타,"['쇼핑', '음식, 식사', '비싸다', '싸다, 저렴하다', '가격', '관광지', '상품']",64,3.5625,쇼핑,"음식, 식사",비싸다,"싸다, 저렴하다","싸다, 저렴하다"
43,망원시장,"['시장', '음식, 식사', '먹다', '싸다, 저렴하다', '가격', '쇼핑', '관광지']",24,4.0,시장,"음식, 식사",먹다,"싸다, 저렴하다","싸다, 저렴하다"
44,메세나폴리스몰,"['쇼핑', '음식, 식사', '비싸다', '먹다', '영화', '싸다, 저렴하다', '여유']",55,3.872727273,쇼핑,"음식, 식사",비싸다,먹다,먹다
45,광희 패션몰,"['시장', '가격', '싸다, 저렴하다', '쇼핑', '상품', '돈', '먹다']",6,4.333333333,시장,가격,"싸다, 저렴하다",쇼핑,쇼핑
46,에이랜드,"['비싸다', '구매', '싸다, 저렴하다', '쇼핑', '친구', '휴식', '체험']",12,4.5,비싸다,구매,"싸다, 저렴하다",쇼핑,쇼핑
47,가락시장,"['시장', '싸다, 저렴하다', '먹다', '음식, 식사', '구매', '가격', '관광지']",31,3.967741935,시장,"싸다, 저렴하다",먹다,"음식, 식사","음식, 식사"
48,양재동 화훼공판장,"['시장', '싸다, 저렴하다', '구매', '가격', '먹다', '돈', '여유']",21,4.428571429,시장,"싸다, 저렴하다",구매,가격,가격
49,롯데 면세점 본점,"['쇼핑', '비싸다', '가격', '싸다, 저렴하다', '구매', '관광지', '상품']",78,3.41025641,쇼핑,비싸다,가격,"싸다, 저렴하다","싸다, 저렴하다"
50,동화 면세점,"['쇼핑', '비싸다', '구매', '가격', '싸다, 저렴하다', '상품', '관광지']",28,3.75,쇼핑,비싸다,구매,가격,가격
51,마리오 아울렛,"['쇼핑', '비싸다', '싸다, 저렴하다', '가격', '음식, 식사', '구매', '상품']",35,3.7714285710000004,쇼핑,비싸다,"싸다, 저렴하다",가격,가격
52,갤러리아 백화점 본점,"['쇼핑', '음식, 식사', '비싸다', '싸다, 저렴하다', '먹다', '호텔', '상품']",18,4.222222222,쇼핑,"음식, 식사",비싸다,"싸다, 저렴하다","싸다, 저렴하다"
53,창신동 문구 완구 거리,"['아이', '싸다, 저렴하다', '가격', '시장', '상품', '구매', '산책']",12,4.0,아이,"싸다, 저렴하다",가격,시장,시장
54,킴즈 클럽,"['쇼핑', '음식, 식사', '상품', '가격', '호텔', '싸다, 저렴하다', '시장']",12,4.25,쇼핑,"음식, 식사",상품,가격,가격
55,생활창작가게 KEY,"['재미', '상품', '전시관', '친구', '구매', '가격', '휴식']",12,4.916666667,재미,상품,전시관,친구,친구
56,아크앤북 - 시청점,"['음식, 식사', '쇼핑', '상품', '휴식', '문화']",7,4.285714286,"음식, 식사",쇼핑,상품,휴식,휴식
57,남평화 상가,"['시장', '싸다, 저렴하다', '가격', '쇼핑', '먹다']",3,3.333333333,시장,"싸다, 저렴하다",가격,쇼핑,쇼핑
58,명동지하상가,"['쇼핑', '상품', '시장', '구매', '싸다, 저렴하다', '음식, 식사', '관광지']",27,3.5555555560000003,쇼핑,상품,시장,구매,구매
59,고관한복촬영소 명동점,"['가격', '재미', '가족', '아이', '쇼핑', '친구', '궁전']",17,4.117647058999999,가격,재미,가족,아이,아이
60,방산 종합시장,"['시장', '쇼핑', '구매', '싸다, 저렴하다', '요리', '음식, 식사', '먹다']",18,4.055555556,시장,쇼핑,구매,"싸다, 저렴하다","싸다, 저렴하다"
61,헬로키티아일랜드 in N서울타워,"['아이', '박물관', '전시관', '상품', '싸다, 저렴하다', '전망대', '구매']",16,3.8125,아이,박물관,전시관,상품,상품
62,롯데 피트인,"['쇼핑', '음식, 식사', '비싸다', '가격', '돈', '먹다', '구매']",18,3.611111111,쇼핑,"음식, 식사",비싸다,가격,가격
63,회현 지하 상가,"['쇼핑', '시장', '싸다, 저렴하다', '음식, 식사', '상품', '가격', '구매']",28,3.428571429,쇼핑,시장,"싸다, 저렴하다","음식, 식사","음식, 식사"
64,에덴악세사리,"['구매', '예술', '가격', '공예', '박물관', '재미', '비싸다']",7,5.0,구매,예술,가격,공예,공예
65,KT&G 상상마당,"['전시관', '영화', '쇼핑', '구매', '아이', '재미', '공연']",8,3.75,전시관,영화,쇼핑,구매,구매
66,동묘벼룩시장,"['상품', '시장', '재미', '싸다, 저렴하다', '친구', '쇼핑', '돈']",17,3.764705882,상품,시장,재미,"싸다, 저렴하다","싸다, 저렴하다"
67,에이피엠 플레이스,"['쇼핑', '돈', '가격', '구매', '공원', '상품', '호텔']",4,4.75,쇼핑,돈,가격,구매,구매
68,가든파이브,"['쇼핑', '영화', '음식, 식사', '먹다', '비싸다', '재미', '가족']",26,3.730769231,쇼핑,영화,"음식, 식사",먹다,먹다
69,Savile Row: Custom Tailor,"['구매', '공예', '가격']",7,5.0,구매,공예,가격,Nan,Nan
70,낙원 악기 상가,"['구매', '싸다, 저렴하다', '시장', '가격', '재미', '쇼핑', '상품']",17,4.058823529,구매,"싸다, 저렴하다",시장,가격,가격
71,동대문 문구거리,"['싸다, 저렴하다', '아이', '쇼핑', '가격', '구매', '가족', '재미']",6,3.5,"싸다, 저렴하다",아이,쇼핑,가격,가격
72,동대문종합시장,"['쇼핑', '시장', '음식, 식사', '싸다, 저렴하다', '구매', '재미', '상품']",5,4.4,쇼핑,시장,"음식, 식사","싸다, 저렴하다","싸다, 저렴하다"
73,서울풍물시장,"['시장', '상품', '음식, 식사', '쇼핑', '싸다, 저렴하다', '가격', '재미']",26,3.5,시장,상품,"음식, 식사",쇼핑,쇼핑
74,10 꼬르소 꼬모,"['음식, 식사', '비싸다', '싸다, 저렴하다', '가격', '쇼핑', '아이', '휴식']",7,4.0,"음식, 식사",비싸다,"싸다, 저렴하다",가격,가격
75,그랜드 마트,"['쇼핑', '싸다, 저렴하다', '비싸다', '음식, 식사', '구매', '호텔', '가격']",13,3.538461538,쇼핑,"싸다, 저렴하다",비싸다,"음식, 식사","음식, 식사"
76,서울파이낸스센터,"['음식, 식사', '활동', '싸다, 저렴하다', '가격', '호텔', '쇼핑', '궁전']",9,4.222222222,"음식, 식사",활동,"싸다, 저렴하다",가격,가격
77,강변 테크노 마트,"['쇼핑', '영화', '음식, 식사', '시장', '엔터테인먼트', '공원', '구매']",22,3.272727273,쇼핑,영화,"음식, 식사",시장,시장
78,세운 전자상가,"['쇼핑', '시장', '음식, 식사', '구매', '역사', '박물관', '나들이']",5,4.6,쇼핑,시장,"음식, 식사",구매,구매
79,안녕인사동,"['전시관', '음식, 식사', '쇼핑']",2,5.0,전시관,"음식, 식사",쇼핑,Nan,Nan
80,링고라벨,"['가격', '재미', '친구', '구매']",3,5.0,가격,재미,친구,구매,구매
81,종로 귀금속 거리,"['싸다, 저렴하다', '가격', '구매', '커플', '돈', '쇼핑', '비싸다']",9,4.1111111110000005,"싸다, 저렴하다",가격,구매,커플,커플
82,굿모닝시티,"['쇼핑', '싸다, 저렴하다', '공원', '문화', '가격', '역사', '친구']",16,3.375,쇼핑,"싸다, 저렴하다",공원,문화,문화
83,인사동 마루,"['쇼핑', '음식, 식사', '재미', '미술', '예술', '전시관', '미술관']",3,4.333333333,쇼핑,"음식, 식사",재미,미술,미술
84,현대시티아울렛 - 동대문점,"['쇼핑', '음식, 식사', '가격', '먹다', '여유', '관광지', '아이']",6,4.0,쇼핑,"음식, 식사",가격,먹다,먹다
85,천호동 로데오거리,"['먹다', '음식, 식사', '친구', '게임', '관광지', '아이']",3,5.0,먹다,"음식, 식사",친구,게임,게임
86,영등포중앙시장,"['시장', '음식, 식사', '먹다', '쇼핑', '싸다, 저렴하다', '역사', '관광지']",9,3.4444444439999997,시장,"음식, 식사",먹다,쇼핑,쇼핑
88,카카오프렌즈 스토어 - 롯데 영플라자 명동점,"['상품', '쇼핑', '친구', '아이', '전시관', '싸다, 저렴하다', '비싸다']",4,4.0,상품,쇼핑,친구,아이,아이
89,갤러리 현대,"['미술', '박물관', '미술관', '전시관', '가족', '궁전', '나들이']",6,4.833333333,미술,박물관,미술관,전시관,전시관
90,라인프렌즈 - 이대점,"['구매', '친구', '관광지']",2,3.5,구매,친구,관광지,Nan,Nan
91,Eunnamu,"['싸다, 저렴하다', '비싸다', '가격']",3,5.0,"싸다, 저렴하다",비싸다,가격,Nan,Nan
92,명가,"['쇼핑', '음식, 식사', '먹다']",1,4.0,쇼핑,"음식, 식사",먹다,Nan,Nan
93,퀸마마마켓,[],1,5.0,Nan,Nan,Nan,Nan,Nan
94,인사아트센터,"['미술관', '미술', '예술', '문화', '전시관']",2,4.5,미술관,미술,예술,문화,문화
95,때때롯살롱,"['비싸다', '친구', '구매', '가격', '관광지']",3,5.0,비싸다,친구,구매,가격,가격
96,눈스퀘어,"['비싸다', '쇼핑', '영화']",1,3.0,비싸다,쇼핑,영화,Nan,Nan
97,마포 농수산물 시장,"['시장', '음식, 식사', '경기', '먹다', '구매', '쇼핑', '요리']",4,4.25,시장,"음식, 식사",경기,먹다,먹다
98,페라라 코리아,"['공원', '먹다', '문화', '유적지', '시장', '싸다, 저렴하다', '비싸다']",3,4.0,공원,먹다,문화,유적지,유적지
99,한복 카페,['친구'],1,5.0,친구,Nan,Nan,Nan,Nan
100,서울책보고,"['여유', '문화', '싸다, 저렴하다', '비싸다', '아이', '관광지', '구매']",4,4.25,여유,문화,"싸다, 저렴하다",비싸다,비싸다
101,드림 코스메,"['싸다, 저렴하다', '상품', '구매', '비싸다', '쇼핑', '친구', '호텔']",5,4.0,"싸다, 저렴하다",상품,구매,비싸다,비싸다
102,한국관광명품점,[],4,3.5,Nan,Nan,Nan,Nan,Nan
103,답십리 고미술상가,"['가격', '구매', '친구', '미술', '미술관', '싸다, 저렴하다', '쇼핑']",4,4.75,가격,구매,친구,미술,미술
104,엠플라자,"['관광지', '호텔', '문화', '쇼핑', '가족', '음식, 식사', '예술']",3,3.666666667,관광지,호텔,문화,쇼핑,쇼핑
105,롯데몰 은평점,"['쇼핑', '음식, 식사', '영화', '먹다', '가족', '휴식', '아이']",6,4.0,쇼핑,"음식, 식사",영화,먹다,먹다
107,종로3가 포장마차거리,"['음식, 식사', '가격', '싸다, 저렴하다', '재미', '관광지', '친구', '먹다']",6,3.833333333,"음식, 식사",가격,"싸다, 저렴하다",재미,재미
108,영천시장,"['시장', '음식, 식사', '쇼핑', '공예']",2,4.5,시장,"음식, 식사",쇼핑,공예,공예
109,SM면세점 서울점,"['구매', '쇼핑', '비싸다', '음식, 식사', '가격', '상품', '돈']",3,4.0,구매,쇼핑,비싸다,"음식, 식사","음식, 식사"
110,헬로에이피엠,"['쇼핑', '가격', '싸다, 저렴하다', '상품', '친구', '공원', '비싸다']",8,3.25,쇼핑,가격,"싸다, 저렴하다",상품,상품
111,공덕시장,"['시장', '음식, 식사', '싸다, 저렴하다', '재미', '먹다', '가격', '친구']",7,3.571428571,시장,"음식, 식사","싸다, 저렴하다",재미,재미
112,유니버설아트센터,"['공연', '아이', '공원', '음식, 식사', '돈', '문화', '예술']",4,4.0,공연,아이,공원,"음식, 식사","음식, 식사"
113,Gana Art Gallery,"['예술', '전시관', '여유', '아이', '가족', '휴식', '자연']",3,4.666666667,예술,전시관,여유,아이,아이
114,YATA(You Are Traveling Artists),"['재미', '친구', '게임']",2,5.0,재미,친구,게임,Nan,Nan
115,에스엠 엔터테인먼트 센터,"['엔터테인먼트', '아이', '가족', '음식, 식사', '상품']",3,4.333333333,엔터테인먼트,아이,가족,"음식, 식사","음식, 식사"
117,모래내시장,"['시장', '경기']",1,4.0,시장,경기,Nan,Nan,Nan
119,알파갤러리,"['쇼핑', '예술', '공예', '비싸다', '상품', '구매']",2,5.0,쇼핑,예술,공예,비싸다,비싸다
120,하이브랜드 프리미엄 아울렛,"['쇼핑', '비싸다', '아이', '구매']",5,3.8,쇼핑,비싸다,아이,구매,구매
121,암사종합시장,"['시장', '쇼핑', '음식, 식사']",1,4.0,시장,쇼핑,"음식, 식사",Nan,Nan
122,동대문 헌책방 거리,"['가격', '싸다, 저렴하다', '돈', '쇼핑', '호텔', '산책']",3,3.666666667,가격,"싸다, 저렴하다",돈,쇼핑,쇼핑
123,송은 아트스페이스,"['이벤트', '전시관', '공연', '시장', '음식, 식사', '예술']",2,5.0,이벤트,전시관,공연,시장,시장
124,뉴뉴 악세사리,"['쇼핑', '구매', '가격']",1,5.0,쇼핑,구매,가격,Nan,Nan
125,갤러리 더 스페이스,"['음식, 식사', '친구', '미술', '공원', '가격', '궁전', '미술관']",2,5.0,"음식, 식사",친구,미술,공원,공원
126,학아재미술관,"['궁전', '음식, 식사']",1,5.0,궁전,"음식, 식사",Nan,Nan,Nan
127,시공간,"['재미', '가격']",1,5.0,재미,가격,Nan,Nan,Nan
128,아트선재센터,"['미술', '미술관', '예술', '전시관', '영화']",2,4.5,미술,미술관,예술,전시관,전시관
129,풍월당,"['휴식', '강좌', '음식, 식사', '구매', '가격']",2,5.0,휴식,강좌,"음식, 식사",구매,구매
130,디자이너 클럽,"['싸다, 저렴하다', '쇼핑', '가격', '친구', '상품', '휴식', '구매']",4,3.75,"싸다, 저렴하다",쇼핑,가격,친구,친구
133,서울 밤도깨비 야시장 - 여의도,"['음식, 식사', '시장', '싸다, 저렴하다', '비싸다', '먹다']",2,3.5,"음식, 식사",시장,"싸다, 저렴하다",비싸다,비싸다
134,갤러리 사비나,"['전시관', '미술', '미술관', '시장', '휴식', '궁전']",2,5.0,전시관,미술,미술관,시장,시장
135,명동밀리오레,"['돈', '구매', '가격', '이벤트', '산책', '아이', '쇼핑']",7,3.0,돈,구매,가격,이벤트,이벤트
136,Kukje Gallery,"['예술', '휴식', '음식, 식사', '전시관']",2,5.0,예술,휴식,"음식, 식사",전시관,전시관
137,일요 필리핀 시장,"['음식, 식사', '먹다', '재미', '가격', '가족', '비싸다', '싸다, 저렴하다']",4,4.0,"음식, 식사",먹다,재미,가격,가격
138,갤러리 아라리오 서울,"['박물관', '전시관']",3,4.333333333,박물관,전시관,Nan,Nan,Nan
139,Kp 갤러리,"['음식, 식사', '재미', '전시관', '산책']",1,5.0,"음식, 식사",재미,전시관,산책,산책
140,Yoon Gallery,['전시관'],1,5.0,전시관,Nan,Nan,Nan,Nan
141,젠틀몬스터 패러럴,"['쇼핑', '상품']",2,4.0,쇼핑,상품,Nan,Nan,Nan
142,종로신진시장,"['시장', '싸다, 저렴하다', '음식, 식사', '가격', '비싸다', '먹다', '관광지']",1,4.0,시장,"싸다, 저렴하다","음식, 식사",가격,가격
143,문정동 로데오거리,"['쇼핑', '음식, 식사', '싸다, 저렴하다', '먹다', '비싸다', '가격', '시장']",11,3.272727273,쇼핑,"음식, 식사","싸다, 저렴하다",먹다,먹다
146,마천시장,['시장'],1,5.0,시장,Nan,Nan,Nan,Nan
147,지엔퍼퓸,"['강좌', '활동', '재미', '휴식', '쇼핑']",3,3.333333333,강좌,활동,재미,휴식,휴식
148,아트뮤제,"['전시관', '시장', '구매']",1,5.0,전시관,시장,구매,Nan,Nan
150,콜핑 - 서울남대문점,"['비싸다', '쇼핑', '싸다, 저렴하다', '친구', '구매', '가격']",1,5.0,비싸다,쇼핑,"싸다, 저렴하다",친구,친구
152,회현 중고 LP 상가,"['쇼핑', '돈', '가격']",1,5.0,쇼핑,돈,가격,Nan,Nan
155,엔터식스 - 파크에비뉴 한양대점,"['쇼핑', '먹다', '음식, 식사', '싸다, 저렴하다', '비싸다', '친구']",2,4.0,쇼핑,먹다,"음식, 식사","싸다, 저렴하다","싸다, 저렴하다"
156,댄 - 이태원,"['공원', '구매', '호텔', '산책']",1,5.0,공원,구매,호텔,산책,산책
157,청담삼익시장,"['시장', '음식, 식사', '싸다, 저렴하다']",2,4.0,시장,"음식, 식사","싸다, 저렴하다",Nan,Nan
158,이도,['친구'],1,5.0,친구,Nan,Nan,Nan,Nan
159,교복몰 - 사당점,"['커플', '여유']",1,5.0,커플,여유,Nan,Nan,Nan
160,교복몰 - 홍대점,['관광지'],1,5.0,관광지,Nan,Nan,Nan,Nan
161,동명사,"['돈', '구매', '싸다, 저렴하다', '상품', '시장', '쇼핑', '호텔']",5,4.4,돈,구매,"싸다, 저렴하다",상품,상품
162,Gallery Now,"['전시관', '미술관', '미술', '휴식']",1,5.0,전시관,미술관,미술,휴식,휴식
164,피부를 사랑하는 사람들,[],1,5.0,Nan,Nan,Nan,Nan,Nan
166,스트레치 엔젤스 가로수길 플래그쉽 스토어,"['재미', '친구', '상품']",2,3.5,재미,친구,상품,Nan,Nan
167,종이나무 갤러리,"['강좌', '재미']",2,4.5,강좌,재미,Nan,Nan,Nan
168,니희,['관광지'],1,5.0,관광지,Nan,Nan,Nan,Nan
169,장지방,"['싸다, 저렴하다', '비싸다', '구매']",1,5.0,"싸다, 저렴하다",비싸다,구매,Nan,Nan
170,미플 2001아울렛불광점,"['쇼핑', '음식, 식사', '싸다, 저렴하다', '비싸다', '상품', '가격']",2,4.5,쇼핑,"음식, 식사","싸다, 저렴하다",비싸다,비싸다
171,예화랑,[],1,5.0,Nan,Nan,Nan,Nan,Nan
173,비트 플렉스,"['쇼핑', '음식, 식사', '엔터테인먼트', '비싸다', '상품', '관광지', '영화']",3,3.666666667,쇼핑,"음식, 식사",엔터테인먼트,비싸다,비싸다
174,구로시장,"['시장', '쇼핑', '싸다, 저렴하다', '풍경']",2,4.0,시장,쇼핑,"싸다, 저렴하다",풍경,풍경
175,동대문지하쇼핑센터,"['쇼핑', '시장', '관광지']",4,2.75,쇼핑,시장,관광지,Nan,Nan
176,스타한복,"['가족', '궁전']",1,5.0,가족,궁전,Nan,Nan,Nan
177,갤러리위,"['예술', '미술', '미술관', '시장', '전시관']",1,5.0,예술,미술,미술관,시장,시장
178,폼폼페이퍼,[],1,5.0,Nan,Nan,Nan,Nan,Nan
179,소공지하도상가,"['시장', '쇼핑']",1,3.0,시장,쇼핑,Nan,Nan,Nan
180,JN 쇼핑몰,"['상품', '쇼핑', '먹다', '음식, 식사']",2,4.0,상품,쇼핑,먹다,"음식, 식사","음식, 식사"
181,뚝섬 아름다운 나눔장터,"['시장', '싸다, 저렴하다', '상품', '아이', '음식, 식사', '구매', '재미']",6,3.666666667,시장,"싸다, 저렴하다",상품,아이,아이
182,고요서사,[],1,5.0,Nan,Nan,Nan,Nan,Nan
183,킴스부띠끄,['가격'],1,1.0,가격,Nan,Nan,Nan,Nan
184,Trunk Gallery,['전시관'],1,5.0,전시관,Nan,Nan,Nan,Nan
187,Moin Gallery,['전시관'],1,5.0,전시관,Nan,Nan,Nan,Nan
189,공근혜 갤러리,['전시관'],1,5.0,전시관,Nan,Nan,Nan,Nan
193,Art Center Nabi,"['전시관', '예술']",1,5.0,전시관,예술,Nan,Nan,Nan
194,인현시장,"['시장', '음식, 식사']",1,4.0,시장,"음식, 식사",Nan,Nan,Nan
197,용답 푸르미르 상가시장,"['음식, 식사', '관광지', '쇼핑']",1,4.0,"음식, 식사",관광지,쇼핑,Nan,Nan
200,영동전통시장,"['음식, 식사', '시장']",1,4.0,"음식, 식사",시장,Nan,Nan,Nan
201,조니 워커 하우스,[],1,4.0,Nan,Nan,Nan,Nan,Nan
204,대림중앙시장,"['음식, 식사']",1,4.0,"음식, 식사",Nan,Nan,Nan,Nan
205,후지필름스튜디오,"['쇼핑', '전시관']",1,4.0,쇼핑,전시관,Nan,Nan,Nan
206,현대화랑,['전시관'],1,4.0,전시관,Nan,Nan,Nan,Nan
211,죠르노벤띠,"['쇼핑', '친구', '음식, 식사']",1,4.0,쇼핑,친구,"음식, 식사",Nan,Nan
212,선인상가,"['싸다, 저렴하다', '구매', '친구']",1,4.0,"싸다, 저렴하다",구매,친구,Nan,Nan
213,시티스타몰,"['호텔', '싸다, 저렴하다', '음식, 식사', '돈', '시장', '쇼핑', '가격']",1,4.0,호텔,"싸다, 저렴하다","음식, 식사",돈,돈
215,끌리오뷰티,"['가격', '싸다, 저렴하다']",1,4.0,가격,"싸다, 저렴하다",Nan,Nan,Nan
216,누죤,['쇼핑'],1,3.0,쇼핑,Nan,Nan,Nan,Nan
217,Soo Bone,['친구'],1,5.0,친구,Nan,Nan,Nan,Nan
218,방학동 도깨비시장,"['시장', '음식, 식사']",1,4.0,시장,"음식, 식사",Nan,Nan,Nan
219,구로아트밸리,"['문화', '아이', '공연', '시장', '유익하다']",2,3.5,문화,아이,공연,시장,시장
225,해밀턴,"['쇼핑', '호텔', '상품']",6,3.166666667,쇼핑,호텔,상품,Nan,Nan
226,용산 전자상가,"['가격', '쇼핑', '시장', '싸다, 저렴하다', '구매', '돈', '비싸다']",45,2.9111111110000003,가격,쇼핑,시장,"싸다, 저렴하다","싸다, 저렴하다"
227,썸띵,"['음식, 식사', '구매', '예술', '전시관', '상품', '재미', '커플']",3,5.0,"음식, 식사",구매,예술,전시관,전시관
229,엔터식스 - 왕십리역점,"['쇼핑', '엔터테인먼트', '음식, 식사', '영화']",1,3.0,쇼핑,엔터테인먼트,"음식, 식사",영화,영화
230,지에스25 - 여의도자이점,[],1,3.0,Nan,Nan,Nan,Nan,Nan
231,지에스25 - 올림픽3호점,"['공원', '아이', '먹다']",1,3.0,공원,아이,먹다,Nan,Nan
232,지에스25 - 망원 포은로점,"['시장', '싸다, 저렴하다']",1,3.0,시장,"싸다, 저렴하다",Nan,Nan,Nan
233,랄라블라 - 홍대중앙점,"['비싸다', '구매']",1,3.0,비싸다,구매,Nan,Nan,Nan
234,CU - 페럼타워점,[],1,3.0,Nan,Nan,Nan,Nan,Nan
235,아리따움 라이브 - 신촌점,"['비싸다', '구매']",1,3.0,비싸다,구매,Nan,Nan,Nan
236,공릉동 도깨비시장,"['시장', '음식, 식사', '상품']",1,3.0,시장,"음식, 식사",상품,Nan,Nan
238,넷마블스토어 - 명동점,"['재미', '상품', '전시관']",1,3.0,재미,상품,전시관,Nan,Nan
240,신흥시장,"['시장', '쇼핑', '먹다', '음식, 식사', '관광지']",1,3.0,시장,쇼핑,먹다,"음식, 식사","음식, 식사"
241,청색종이,"['음식, 식사', '예술']",1,3.0,"음식, 식사",예술,Nan,Nan,Nan
243,웅갤러리,"['예술', '박물관']",1,3.0,예술,박물관,Nan,Nan,Nan
245,종각지하쇼핑센터,"['쇼핑', '시장']",1,2.0,쇼핑,시장,Nan,Nan,Nan
246,메사,"['쇼핑', '상품', '먹다', '싸다, 저렴하다', '음식, 식사', '재미', '구매']",5,3.6,쇼핑,상품,먹다,"싸다, 저렴하다","싸다, 저렴하다"
247,마루존 김치 백화점,"['음식, 식사', '박물관']",1,2.0,"음식, 식사",박물관,Nan,Nan,Nan
248,뷰티플렉스 명동,"['구매', '돈', '비싸다', '음식, 식사', '호텔', '가격', '싸다, 저렴하다']",7,2.5714285709999998,구매,돈,비싸다,"음식, 식사","음식, 식사"
249,Gallery Luminarie,[],1,1.0,Nan,Nan,Nan,Nan,Nan
250,얼짱몸짱 - 홍제점,"['비싸다', '구매']",1,2.0,비싸다,구매,Nan,Nan,Nan
251,남구로시장,"['시장', '먹다', '음식, 식사', '쇼핑', '가격', '친구', '비싸다']",3,2.666666667,시장,먹다,"음식, 식사",쇼핑,쇼핑
252,가산카메라,['아이'],2,5.0,아이,Nan,Nan,Nan,Nan
253,K 리그 오피셜 스토어,['쇼핑'],1,1.0,쇼핑,Nan,Nan,Nan,Nan
254,국제디지털사진관,[],1,1.0,Nan,Nan,Nan,Nan,Nan
255,목동 로데오거리,"['음식, 식사', '싸다, 저렴하다', '먹다', '시장', '비싸다', '상품', '쇼핑']",8,2.625,"음식, 식사","싸다, 저렴하다",먹다,시장,시장
256,청하 플러스,"['구매', '시장', '싸다, 저렴하다', '비싸다', '휴식']",4,2.5,구매,시장,"싸다, 저렴하다",비싸다,비싸다
257,제일 자수정,"['관광지', '가격', '상품', '구매', '싸다, 저렴하다', '비싸다', '쇼핑']",6,2.333333333,관광지,가격,상품,구매,구매
258,교복몰 - 잠실점,[],1,5.0,Nan,Nan,Nan,Nan,Nan
259,바이레도 서울,"['쇼핑', '전시관']",1,4.0,쇼핑,전시관,Nan,Nan,Nan
573,한국 전쟁 기념관,"['전쟁', '역사', '전시관', '아이', '박물관', '가족', '나들이']",1398,4.580114449,전쟁,역사,전시관,아이,아이
574,국립중앙박물관,"['박물관', '전시관', '아이', '역사', '문화', '친구', '재미']",762,4.551181102,박물관,전시관,아이,역사,역사
575,그레뱅뮤지엄,"['재미', '체험', '친구', '박물관', '가족', '아이', '전시관']",148,4.763513514,재미,체험,친구,박물관,박물관
576,경복궁,"['궁전', '친구', '역사', '관광지', '산책','나들이', '공연', '가족']",2925,4.472820513,궁전,친구,역사,관광지,관광지
577,삼성미술관 리움,"['미술관', '미술', '박물관', '전시관', '예술', '음식, 식사', '문화']",211,4.402843602,미술관,미술,박물관,전시관,전시관
578,서울 역사 박물관,"['박물관', '역사', '전시관', '아이', '궁전', '음식, 식사', '유익하다']",139,4.35971223,박물관,역사,전시관,아이,아이
579,트릭아이뮤지엄 서울,"['재미', '박물관', '아이', '친구', '가족', '미술', '미술관']",560,4.2678571430000005,재미,박물관,아이,친구,친구
580,예술의전당,"['전시관', '미술관', '예술', '미술','공연', '음식, 식사', '분수']",673,4.420505201,전시관,미술관,예술,미술,미술
581,국립 민속 박물관,"['박물관', '궁전', '역사', '전시관', '문화', '아이', '유익하다']",340,4.252941176,박물관,궁전,역사,전시관,전시관
582,서대문 형무소 역사관,"['역사', '박물관', '전시관', '유익하다', '아이', '관광지', '휴식']",143,4.3986013989999995,역사,박물관,전시관,유익하다,유익하다
583,국립현대미술관 서울관,"['전시관', '미술', '미술관', '박물관', '궁전', '예술', '음식, 식사']",100,4.41,전시관,미술,미술관,박물관,박물관
584,국립 고궁 박물관,"['박물관', '궁전', '전시관', '역사', '문화', '아이', '음식, 식사']",67,4.23880597,박물관,궁전,전시관,역사,역사
585,러브뮤지엄,"['박물관', '재미', '친구', '아이', '커플', '돈', '싸다, 저렴하다']",43,4.651162791,박물관,재미,친구,아이,아이
586,박물관은살아있다 인사동점,"['재미', '박물관', '아이', '친구', '예술', '가족', '전시관']",82,4.195121951,재미,박물관,아이,친구,친구
587,대한민국 역사 박물관,"['박물관', '역사', '전시관', '궁전', '전쟁', '아이', '문화']",51,4.137254902,박물관,역사,전시관,궁전,궁전
588,문화역서울 284,"['역사', '전시관', '문화', '박물관', '쇼핑', '미술', '예술']",95,3.842105263,역사,전시관,문화,박물관,박물관
589,국립국악원,"['공연', '예술', '아이', '박물관', '체험', '가격', '문화']",72,4.375,공연,예술,아이,박물관,박물관
590,롯데월드 민속박물관,"['박물관', '아이', '역사', '음식, 식사', '문화', '전시관', '가격']",35,4.428571429,박물관,아이,역사,"음식, 식사","음식, 식사"
591,아라리오뮤지엄 인 스페이스,"['미술관', '미술', '예술', '음식, 식사', '박물관', '궁전', '전시관']",30,4.633333333,미술관,미술,예술,"음식, 식사","음식, 식사"
592,서울 시립 미술관,"['전시관', '미술관', '미술', '박물관', '궁전', '예술', '문화']",60,4.0,전시관,미술관,미술,박물관,박물관
593,청와대 사랑채,"['역사', '박물관', '문화', '재미', '아이', '전시관', '체험']",29,4.103448276,역사,박물관,문화,재미,재미
594,화폐 금융 박물관,"['박물관', '돈', '전시관', '역사', '아이', '쇼핑', '체험']",30,4.166666667,박물관,돈,전시관,역사,역사
595,3D블랙아트 박물관,"['재미', '예술', '친구', '아이', '박물관', '가족', '쇼핑']",139,4.71942446,재미,예술,친구,아이,아이
596,대림 미술관,"['전시관', '미술관', '미술', '박물관', '궁전', '싸다, 저렴하다', '음식, 식사']",43,4.488372093,전시관,미술관,미술,박물관,박물관
597,세종이야기 • 충무공이야기,"['박물관', '역사', '아이', '활동', '전쟁', '궁전', '전시관']",17,4.4117647060000005,박물관,역사,아이,활동,활동
598,풋볼팬타지움,"['체험', '경기', '재미', '박물관', '역사', '아이', '게임']",23,4.739130435,체험,경기,재미,박물관,박물관
599,한국 가구 박물관,"['박물관', '역사', '문화', '전시관', '친구', '휴식', '음식, 식사']",22,4.545454545,박물관,역사,문화,전시관,전시관
600,세종대왕 기념관,"['박물관', '전시관', '역사', '음식, 식사', '궁전', '아이', '유익하다']",20,4.15,박물관,전시관,역사,"음식, 식사","음식, 식사"
601,국립 한글 박물관,"['박물관', '전시관', '아이', '역사', '재미', '문화', '가족']",36,3.833333333,박물관,전시관,아이,역사,역사
602,전쟁과 여성 인권 박물관,"['박물관', '전시관', '전쟁', '역사', '재미', '가족', '상품']",16,4.6875,박물관,전시관,전쟁,역사,역사
603,서대문 자연사 박물관,"['아이', '박물관', '자연', '전시관', '싸다, 저렴하다', '역사', '체험']",27,4.333333333,아이,박물관,자연,전시관,전시관
604,한양도성박물관,"['박물관', '역사', '전시관', '공원', '산책', '재미', '쇼핑']",16,4.375,박물관,역사,전시관,공원,공원
605,우표박물관,"['박물관', '재미', '역사', '전시관', '체험', '아이', '돈']",16,4.375,박물관,재미,역사,전시관,전시관
606,디뮤지엄,"['전시관', '음식, 식사', '미술관', '미술', '박물관', '재미', '비싸다']",23,4.2173913039999995,전시관,"음식, 식사",미술관,미술,미술
607,63 스카이 아트,"['예술', '전망대', '음식, 식사', '미술', '미술관', '전시관', '강좌']",30,3.9666666669999997,예술,전망대,"음식, 식사",미술,미술
608,놀이똥산,"['재미', '아이', '박물관', '가격', '활동', '싸다, 저렴하다', '공원']",29,4.137931034,재미,아이,박물관,가격,가격
609,뮤지엄김치간,"['박물관', '아이', '역사', '전시관', '재미', '음식, 식사', '먹다']",41,3.8048780489999996,박물관,아이,역사,전시관,전시관
610,국립중앙박물관 어린이박물관,"['아이', '박물관', '체험', '활동', '음식, 식사', '재미', '역사']",19,4.473684211,아이,박물관,체험,활동,활동
611,덕수궁 미술관,"['궁전', '미술', '미술관', '전시관', '박물관', '예술', '역사']",27,4.1111111110000005,궁전,미술,미술관,전시관,전시관
612,청계천 박물관,"['박물관', '역사', '힐링', '산책', '자연', '여유', '관광지']",10,4.7,박물관,역사,힐링,산책,산책
613,테지움 서울,"['박물관', '아이', '재미', '관광지', '전시관', '나들이', '자연']",13,4.076923077,박물관,아이,재미,관광지,관광지
614,절두산 순교 성지,"['역사', '박물관', '산책', '돈', '공원', '가족', '휴식']",23,4.304347826,역사,박물관,산책,돈,돈
615,서울상상나라,"['아이', '공원', '재미', '음식, 식사', '활동', '체험', '싸다, 저렴하다']",9,4.666666667,아이,공원,재미,"음식, 식사","음식, 식사"
616,부엉이 박물관,"['박물관', '재미', '예술', '쇼핑', '가족', '미술관', '전시관']",10,4.2,박물관,재미,예술,쇼핑,쇼핑
617,북촌 전망대,"['전망대', '음식, 식사', '산책', '관광지', '휴식', '쇼핑', '풍경']",24,3.75,전망대,"음식, 식사",산책,관광지,관광지
618,국기원,"['공연', '박물관', '아이', '역사', '음식, 식사', '관광지', '구매']",10,4.2,공연,박물관,아이,역사,역사
619,서울 미술관,"['미술관', '미술', '전시관', '휴식', '박물관', '돈', '여유']",13,4.384615385,미술관,미술,전시관,휴식,휴식
620,아모레퍼시픽미술관,"['미술관', '미술', '예술', '박물관', '전시관', '쇼핑', '음식, 식사']",7,4.571428571,미술관,미술,예술,박물관,박물관
621,안중근의사 기념관,"['전쟁', '산책', '미술', '힐링', '공원', '미술관']",5,5.0,전쟁,산책,미술,힐링,힐링
622,허준 박물관,"['박물관', '아이', '체험', '공원', '궁전', '역사', '유익하다']",7,4.285714286,박물관,아이,체험,공원,공원
623,아름다운 차박물관,"['박물관', '체험', '휴식', '쇼핑', '산책', '아이', '친구']",7,4.0,박물관,체험,휴식,쇼핑,쇼핑
624,한성 백제 박물관,"['공원', '박물관', '역사', '전시관', '아이', '재미', '산책']",9,4.1111111110000005,공원,박물관,역사,전시관,전시관
625,연세대학교 박물관,"['박물관', '문화', '돈', '상품', '산책', '나들이', '전시관']",6,4.5,박물관,문화,돈,상품,상품
626,국립민속박물관 어린이박물관,"['아이', '박물관', '체험', '전시관', '궁전', '여유', '음식, 식사']",14,4.1428571430000005,아이,박물관,체험,전시관,전시관
627,국립국악박물관,"['예술', '공연', '문화', '박물관', '체험', '궁전', '역사']",9,4.333333333,예술,공연,문화,박물관,박물관
628,서울 애니메이션 센터,"['아이', '재미', '박물관', '영화', '가족', '체험', '활동']",11,4.0,아이,재미,박물관,영화,영화
629,배재학당역사박물관,"['역사', '박물관', '전시관', '궁전', '미술관', '문화', '가족']",7,4.1428571430000005,역사,박물관,전시관,궁전,궁전
630,라뜰리에,"['재미', '싸다, 저렴하다', '구매', '전시관', '예술', '아이', '음식, 식사']",4,5.0,재미,"싸다, 저렴하다",구매,전시관,전시관
631,덕수궁미술관,"['박물관', '미술관', '궁전', '미술', '구매', '전시관', '예술']",4,4.5,박물관,미술관,궁전,미술,미술
632,암사동선사주거지 원시생활전시관,"['전시관', '아이', '유적지', '공원', '휴식', '박물관', '역사']",13,3.461538462,전시관,아이,유적지,공원,공원
633,윤동주 문학관,"['박물관', '전시관', '구매', '문화', '관광지', '역사', '시장']",6,4.333333333,박물관,전시관,구매,문화,문화
634,성곡미술관,"['미술관', '미술', '음식, 식사', '산책', '여유', '전시관', '휴식']",7,4.1428571430000005,미술관,미술,"음식, 식사",산책,산책
635,서울대학교병원 의학박물관,"['박물관', '아이', '역사']",5,4.0,박물관,아이,역사,Nan,Nan
636,가회민화박물관,"['박물관', '문화', '전시관', '체험', '예술', '아이', '활동']",5,4.4,박물관,문화,전시관,체험,체험
637,불교중앙박물관,"['문화', '체험', '아이', '전시관']",2,5.0,문화,체험,아이,전시관,전시관
638,서울시립미술관 남서울분관,"['미술관', '미술', '전시관', '비싸다', '힐링', '휴식', '풍경']",5,5.0,미술관,미술,전시관,비싸다,비싸다
639,소마미술관,"['예술', '전시관', '공원', '박물관', '미술관', '미술', '이벤트']",5,4.2,예술,전시관,공원,박물관,박물관
640,DMC홍보관,"['경기', '예술', '영화', '공원', '박물관', '역사']",3,3.666666667,경기,예술,영화,공원,공원
641,서울 올림픽 기념관,"['박물관', '전시관', '공원', '게임', '음식, 식사', '산책', '재미']",7,3.714285714,박물관,전시관,공원,게임,게임
642,피규어뮤지엄,"['박물관', '가족', '전시관', '아이', '영화', '나들이', '싸다, 저렴하다']",6,4.333333333,박물관,가족,전시관,아이,아이
643,농업 박물관,"['박물관', '아이', '체험', '전시관', '활동', '궁전', '유익하다']",5,4.6,박물관,아이,체험,전시관,전시관
644,서울대학교 미술관,"['전시관', '미술', '미술관', '산책', '예술', '재미', '박물관']",12,3.75,전시관,미술,미술관,산책,산책
645,경인 미술관,"['미술', '미술관', '전시관', '휴식', '예술', '풍경', '박물관']",5,4.4,미술,미술관,전시관,휴식,휴식
646,트릭 월드,"['아이', '박물관', '재미', '쇼핑', '싸다, 저렴하다', '친구', '미술']",3,4.0,아이,박물관,재미,쇼핑,쇼핑
647,석조전 대한제국역사관,"['궁전', '역사']",3,5.0,궁전,역사,Nan,Nan,Nan
648,육군박물관,"['박물관', '전시관']",2,3.0,박물관,전시관,Nan,Nan,Nan
649,기생충박물관,"['영화', '박물관', '아이', '전시관', '역사']",3,5.0,영화,박물관,아이,전시관,전시관
650,KT스퀘어,"['체험', '아이', '이벤트', '공연', '역사']",3,5.0,체험,아이,이벤트,공연,공연
651,금호미술관,"['미술관', '미술', '박물관', '궁전', '전시관', '예술', '체험']",5,4.8,미술관,미술,박물관,궁전,궁전
652,일민미술관,"['미술관', '미술', '전시관', '음식, 식사', '먹다', '박물관', '역사']",5,4.2,미술관,미술,전시관,"음식, 식사","음식, 식사"
653,손기정 기념관,[],2,4.5,Nan,Nan,Nan,Nan,Nan
654,숙명여자대학교박물관,"['박물관', '문화', '미술', '전시관', '미술관', '예술']",4,4.75,박물관,문화,미술,전시관,전시관
655,세계장신구박물관,"['박물관', '역사', '상품', '전시관']",1,5.0,박물관,역사,상품,전시관,전시관
656,Mokin Museum,"['박물관', '전시관']",1,5.0,박물관,전시관,Nan,Nan,Nan
657,백범김구기념관,"['공원', '관광지', '영화', '전시관', '역사']",5,4.4,공원,관광지,영화,전시관,전시관
658,이리자 한복전시관,"['박물관', '전시관', '유적지', '문화', '미술관', '궁전', '역사']",2,4.5,박물관,전시관,유적지,문화,문화
659,쎈토이뮤지엄&쇼룸,"['전시관', '박물관']",3,5.0,전시관,박물관,Nan,Nan,Nan
660,호림 박물관 신사 분관,"['박물관', '미술', '미술관', '전시관', '음식, 식사', '휴식']",3,4.666666667,박물관,미술,미술관,전시관,전시관
661,갤러리 학고재,"['전시관', '시장']",3,5.0,전시관,시장,Nan,Nan,Nan
662,지구촌 민속 박물관,"['문화', '아이', '게임', '풍경', '전시관', '역사']",3,4.666666667,문화,아이,게임,풍경,풍경
663,환기 미술관,"['미술', '예술', '박물관', '미술관', '힐링', '전시관']",6,3.833333333,미술,예술,박물관,미술관,미술관
664,뮤지엄 김치간,"['아이', '박물관', '호텔', '문화', '역사']",3,4.666666667,아이,박물관,호텔,문화,문화
665,꼭두 박물관,"['아이', '박물관']",1,5.0,아이,박물관,Nan,Nan,Nan
666,한상수자수박물관,"['체험', '박물관']",1,5.0,체험,박물관,Nan,Nan,Nan
667,독도체험관,"['체험', '아이', '가족', '문화', '역사']",1,5.0,체험,아이,가족,문화,문화
668,한국 자수 박물관,"['박물관', '문화', '전시관', '체험', '구매', '쇼핑', '휴식']",9,3.777777778,박물관,문화,전시관,체험,체험
670,수도국산 달동네박물관,"['아이', '가족', '싸다, 저렴하다', '역사', '산책']",2,5.0,아이,가족,"싸다, 저렴하다",역사,역사
672,동림매듭박물관,"['박물관', '체험', '싸다, 저렴하다', '상품', '산책', '전시관', '가격']",3,3.333333333,박물관,체험,"싸다, 저렴하다",상품,상품
673,서울 세관 박물관,"['박물관', '전시관', '역사', '유익하다']",3,4.333333333,박물관,전시관,역사,유익하다,유익하다
674,호림아트센터 신사분관,"['박물관', '전시관', '궁전', '미술관', '쇼핑', '공원', '미술']",2,4.5,박물관,전시관,궁전,미술관,미술관
675,서소문 성지역사박물관,"['역사', '박물관', '미술', '전시관', '미술관']",3,4.0,역사,박물관,미술,전시관,전시관
677,북촌 동양 문화 박물관,"['체험', '음식, 식사', '휴식', '문화']",2,4.5,체험,"음식, 식사",휴식,문화,문화
678,간송 미술관,"['전시관', '미술관', '미술', '음식, 식사', '산책']",3,4.666666667,전시관,미술관,미술,"음식, 식사","음식, 식사"
679,플라토,"['미술관', '미술', '전시관', '요리', '먹다', '가격']",3,4.0,미술관,미술,전시관,요리,요리
680,우정 박물관,"['체험', '아이', '활동']",1,5.0,체험,아이,활동,Nan,Nan
681,Jong Ie Nara Paper Art Museum,"['예술', '호텔', '박물관', '체험', '공원', '전시관']",2,5.0,예술,호텔,박물관,체험,체험
682,The Korean National Police Heritage Museum,"['박물관', '역사', '재미']",1,4.0,박물관,역사,재미,Nan,Nan
683,옹기 민속 박물관,"['박물관', '전시관']",1,5.0,박물관,전시관,Nan,Nan,Nan
684,쇳대박물관,"['박물관', '관광지', '아이', '예술', '공원', '산책']",3,3.333333333,박물관,관광지,아이,예술,예술
685,한원미술관,"['예술', '박물관', '전시관', '호텔']",2,5.0,예술,박물관,전시관,호텔,호텔
686,김종영미술관,"['전시관', '여유', '미술관', '미술']",1,5.0,전시관,여유,미술관,미술,미술
687,명인박물관,"['박물관', '전시관']",1,5.0,박물관,전시관,Nan,Nan,Nan
688,토탈 미술관,"['전시관', '음식, 식사', '미술', '미술관', '먹다']",2,4.5,전시관,"음식, 식사",미술,미술관,미술관
689,시몬느 핸드백 박물관,"['박물관', '역사', '돈', '쇼핑', '전시관']",3,4.0,박물관,역사,돈,쇼핑,쇼핑
690,갤러리현대,"['전시관', '음식, 식사', '쇼핑']",3,5.0,전시관,"음식, 식사",쇼핑,Nan,Nan
691,아트선재센터,"['미술', '예술', '미술관', '영화', '박물관', '전시관']",2,5.0,미술,예술,미술관,영화,영화
692,생명과학체험박물관,"['아이', '박물관', '체험', '가격']",2,5.0,아이,박물관,체험,가격,가격
693,산악박물관,"['체험', '강좌', '가족', '박물관', '시장', '아이']",2,5.0,체험,강좌,가족,박물관,박물관
694,겸재정선미술관,"['미술관', '미술', '재미', '전시관']",2,4.5,미술관,미술,재미,전시관,전시관
695,"떡,부엌살림박물관","['박물관', '체험', '전시관', '문화', '아이', '음식, 식사', '가격']",6,4.0,박물관,체험,전시관,문화,문화
696,BK성형박물관,[],4,3.5,Nan,Nan,Nan,Nan,Nan
697,박을복자수박물관,['박물관'],1,5.0,박물관,Nan,Nan,Nan,Nan
698,리아나 화장박물관,"['박물관', '문화', '전시관', '역사']",1,5.0,박물관,문화,전시관,역사,역사
700,한국미술박물관,"['미술관', '미술', '박물관']",1,5.0,미술관,미술,박물관,Nan,Nan
701,은평역사한옥박물관,"['역사', '가족', '전시관', '나들이', '아이', '궁전', '박물관']",2,4.0,역사,가족,전시관,나들이,나들이
702,청하고려 인삼박물관,"['가격', '구매']",1,3.0,가격,구매,Nan,Nan,Nan
703,서울특별시교육청과학전시관,"['체험', '전시관', '분수']",1,5.0,체험,전시관,분수,Nan,Nan
704,한의약 박물관,"['휴식', '박물관']",1,5.0,휴식,박물관,Nan,Nan,Nan
705,국립서울과학관,"['박물관', '전시관', '가족', '아이', '먹다', '가격', '싸다, 저렴하다']",3,4.0,박물관,전시관,가족,아이,아이
706,전태일 기념관,['활동'],1,5.0,활동,Nan,Nan,Nan,Nan
707,호림 박물관 신림 본관,"['박물관', '미술관', '미술', '전시관']",2,4.5,박물관,미술관,미술,전시관,전시관
708,K현대미술관,"['전시관', '아이', '미술', '미술관', '시장', '가격']",2,3.0,전시관,아이,미술,미술관,미술관
709,서울중앙우체국,"['쇼핑', '상품']",1,5.0,쇼핑,상품,Nan,Nan,Nan
711,The Museum of Photography,"['예술', '공원', '박물관', '전시관', '자연']",2,4.0,예술,공원,박물관,전시관,전시관
713,경운박물관,"['전시관', '박물관', '미술관', '경기', '미술']",1,5.0,전시관,박물관,미술관,경기,경기
714,한국잡지박물관,"['재미', '박물관', '체험']",1,5.0,재미,박물관,체험,Nan,Nan
715,분재박물관,"['체험', '박물관']",1,5.0,체험,박물관,Nan,Nan,Nan
716,울트라건축박물관,['박물관'],1,5.0,박물관,Nan,Nan,Nan,Nan
717,도산 안창호 기념관,['휴식'],1,5.0,휴식,Nan,Nan,Nan,Nan
718,화정박물관,"['전시관', '미술', '음식, 식사', '박물관', '문화', '미술관', '휴식']",3,3.666666667,전시관,미술,"음식, 식사",박물관,박물관
719,북촌 생활사박물관,"['박물관', '전망대', '산책']",1,3.0,박물관,전망대,산책,Nan,Nan
723,한국 금융사 박물관,"['아이', '박물관', '체험']",1,3.0,아이,박물관,체험,Nan,Nan
724,식민지역사박물관,"['싸다, 저렴하다', '역사']",1,4.0,"싸다, 저렴하다",역사,Nan,Nan,Nan
726,디지털파빌리온,"['아이', '체험', '가족', '재미', '상품', '쇼핑', '전시관']",6,4.166666667,아이,체험,가족,재미,재미
728,서울 생활사박물관,"['전쟁', '박물관', '전시관', '아이', '풍경', '문화']",1,4.0,전쟁,박물관,전시관,아이,아이
729,한전아트센터,"['음식, 식사', '전시관', '휴식', '공연', '예술', '가격', '산책']",2,4.0,"음식, 식사",전시관,휴식,공연,공연
730,서울교육박물관,"['전쟁', '역사']",1,4.0,전쟁,역사,Nan,Nan,Nan
732,동대문운동장기념관,"['역사', '전시관']",1,4.0,역사,전시관,Nan,Nan,Nan
733,아르코미술관,"['공원', '전시관']",1,4.0,공원,전시관,Nan,Nan,Nan
734,House of Go Hui-dong,"['재미', '휴식', '역사']",1,4.0,재미,휴식,역사,Nan,Nan
735,경희대학교 자연사박물관,"['박물관', '아이', '자연']",1,4.0,박물관,아이,자연,Nan,Nan
736,Mongchon Museum of History,"['박물관', '역사', '공원', '아이', '전시관']",1,2.0,박물관,역사,공원,아이,아이
738,포스코센터,"['아이', '호텔']",3,4.0,아이,호텔,Nan,Nan,Nan
739,윤봉길 의사 기념관,"['체험', '아이']",1,3.0,체험,아이,Nan,Nan,Nan
740,난지미술창작스튜디오,"['미술', '미술관', '체험', '공원']",1,4.0,미술,미술관,체험,공원,공원
741,Andong Soju Traditional Food Museum,"['음식, 식사', '박물관', '전시관']",1,4.0,"음식, 식사",박물관,전시관,Nan,Nan
742,로봇 박물관,"['전시관', '돈', '아이', '박물관']",2,3.0,전시관,돈,아이,박물관,박물관
744,티움,"['박물관', '쇼핑', '휴식', '호텔', '전시관', '문화']",4,2.5,박물관,쇼핑,휴식,호텔,호텔
746,브이센터,"['싸다, 저렴하다', '비싸다', '전시관', '아이', '음식, 식사', '가격']",1,3.0,"싸다, 저렴하다",비싸다,전시관,아이,아이
748,티벳박물관,"['박물관', '요리']",1,3.0,박물관,요리,Nan,Nan,Nan
749,단국대학교석주선기념박물관,['박물관'],1,3.0,박물관,Nan,Nan,Nan,Nan
751,동대문역사관1398,"['박물관', '전시관']",1,2.0,박물관,전시관,Nan,Nan,Nan
752,초전섬유ㆍ퀼트박물관,"['미술관', '미술', '박물관', '전시관']",1,2.0,미술관,미술,박물관,전시관,전시관
753,서울함 공원,"['시장', '전시관', '공원', '전쟁', '역사']",2,2.5,시장,전시관,공원,전쟁,전쟁
754,Korean Film Archive,"['음식, 식사', '활동', '박물관', '전시관', '관광지']",1,1.0,"음식, 식사",활동,박물관,전시관,전시관
755,용산공원갤러리,"['전시관', '아이', '공원', '휴식', '유익하다', '역사', '재미']",2,5.0,전시관,아이,공원,휴식,휴식
823,서울이스케이프룸 홍대2호점,"['재미', '친구', '게임', '활동', '호텔', '휴식', '먹다']",211,4.995260664,재미,친구,게임,활동,활동
824,서울이스케이프룸 - 강남1호점,"['재미', '친구', '활동', '휴식', '게임', '음식, 식사', '체험']",415,4.8987951810000006,재미,친구,활동,휴식,휴식
825,리얼이스케이프 챌린지,"['재미', '친구', '먹다', '아이', '가격', '가족', '쇼핑']",215,4.869767442,재미,친구,먹다,아이,아이
826,서울이스케이프룸 - 강남2호점,"['재미', '친구', '게임', '음식, 식사', '궁전', '휴식', '커플']",481,4.873180873,재미,친구,게임,"음식, 식사","음식, 식사"
827,서울 에스케이프 룸 홍대점,"['재미', '친구', '게임', '싸다, 저렴하다', '비싸다', '가족', '음식, 식사']",79,4.82278481,재미,친구,게임,"싸다, 저렴하다","싸다, 저렴하다"
828,잠실 야구 경기장,"['경기', '게임', '음식, 식사', '먹다', '재미', '싸다, 저렴하다', '가격']",172,4.401162791,경기,게임,"음식, 식사",먹다,먹다
829,서울숲,"['공원', '아이', '산책', '먹다', '가족', '휴식', '음식, 식사']",198,4.5,공원,아이,산책,먹다,먹다
830,올림픽 공원,"['공원', '산책', '음식, 식사', '가족', '콘서트', '먹다', '아이']",335,4.405970149,공원,산책,"음식, 식사",가족,가족
831,삼삼오오 한복 북촌한옥마을점,"['궁전', '친구', '가격', '재미', '관광지', '싸다, 저렴하다', '가족']",31,4.838709677,궁전,친구,가격,재미,재미
832,캣 카페 고양이 놀이터,"['음식, 식사', '아이', '휴식', '쇼핑', '먹다', '가격', '가족']",30,4.366666667,"음식, 식사",아이,휴식,쇼핑,쇼핑
833,메가박스 코엑스몰점,"['영화', '쇼핑', '음식, 식사', '비싸다', '먹다', '싸다, 저렴하다', '가격']",57,4.228070175,영화,쇼핑,"음식, 식사",비싸다,비싸다
834,런닝맨 인사동점,"['재미', '게임', '활동', '아이', '구매', '친구', '가족']",15,4.533333333,재미,게임,활동,아이,아이
835,블루 스퀘어,"['공연', '음식, 식사', '먹다', '휴식', '싸다, 저렴하다', '재미', '아이']",39,4.256410256000001,공연,"음식, 식사",먹다,휴식,휴식
836,CGV 용산,"['영화', '음식, 식사', '아이', '쇼핑', '역사', '강좌', '재미']",38,4.473684211,영화,"음식, 식사",아이,쇼핑,쇼핑
837,삼삼오오 한복 경복궁점,"['궁전', '가격', '쇼핑', '싸다, 저렴하다', '친구', '가족', '아이']",20,4.75,궁전,가격,쇼핑,"싸다, 저렴하다","싸다, 저렴하다"
838,한복남,"['궁전', '쇼핑', '돈', '싸다, 저렴하다', '가격', '이벤트', '휴식']",14,4.214285714,궁전,쇼핑,돈,"싸다, 저렴하다","싸다, 저렴하다"
839,CGV 왕십리,"['영화', '아이', '음식, 식사', '쇼핑', '역사', '엔터테인먼트', '먹다']",32,4.40625,영화,아이,"음식, 식사",쇼핑,쇼핑
840,꽃같은한복,"['궁전', '가족', '아이', '친구']",4,5.0,궁전,가족,아이,친구,친구
841,CGV 영등포,"['영화', '쇼핑', '음식, 식사', '먹다', '아이', '친구', '재미']",39,4.307692308,영화,쇼핑,"음식, 식사",먹다,먹다
842,명동 실탄 사격장,"['호텔', '쇼핑', '싸다, 저렴하다', '체험', '비싸다', '관광지', '재미']",12,4.166666667,호텔,쇼핑,"싸다, 저렴하다",체험,체험
843,다이나믹 메이즈,"['재미', '아이', '박물관', '활동', '가족', '체험', '친구']",33,4.333333333,재미,아이,박물관,활동,활동
844,롯데시네마 롯데월드,"['영화', '음식, 식사', '비싸다', '먹다', '싸다, 저렴하다', '돈', '쇼핑']",28,4.321428571,영화,"음식, 식사",비싸다,먹다,먹다
845,COLOR POOL MUSEUM,"['재미', '친구']",2,5.0,재미,친구,Nan,Nan,Nan
846,남산서울타워 한복문화체험관,"['가족', '음식, 식사', '궁전', '풍경', '구매', '쇼핑', '박물관']",9,4.666666667,가족,"음식, 식사",궁전,풍경,풍경
847,코카,"['재미', '친구', '음식, 식사', '먹다', '가족', '관광지', '예술']",7,4.8571428569999995,재미,친구,"음식, 식사",먹다,먹다
848,원데이 한복,"['가격', '궁전', '관광지', '돈', '아이', '싸다, 저렴하다', '쇼핑']",19,3.842105263,가격,궁전,관광지,돈,돈
849,메가박스 강남,"['영화', '비싸다', '싸다, 저렴하다', '음식, 식사', '친구', '돈', '커플']",16,4.25,영화,비싸다,"싸다, 저렴하다","음식, 식사","음식, 식사"
850,키자니아 서울,"['아이', '체험', '활동', '돈', '재미', '싸다, 저렴하다', '비싸다']",19,3.947368421,아이,체험,활동,돈,돈
851,아이엔티스튜디오,"['친구', '재미', '싸다, 저렴하다', '가격', '자연']",6,5.0,친구,재미,"싸다, 저렴하다",가격,가격
852,명동 고양이다락방,"['음식, 식사', '친구', '힐링', '재미', '쇼핑', '싸다, 저렴하다', '먹다']",7,5.0,"음식, 식사",친구,힐링,재미,재미
853,리얼야구존 홍대점,"['재미', '친구', '가족', '요리', '커플', '활동', '가격']",6,4.666666667,재미,친구,가족,요리,요리
854,메가박스 목동,"['영화', '쇼핑', '여유', '음식, 식사', '먹다', '미술', '미술관']",16,4.3125,영화,쇼핑,여유,"음식, 식사","음식, 식사"
855,CGV 청담 씨네시티,"['영화', '싸다, 저렴하다', '비싸다', '가격', '음식, 식사', '먹다', '여유']",11,4.3636363639999995,영화,"싸다, 저렴하다",비싸다,가격,가격
856,파라다이스 카지노 워커힐,"['음식, 식사', '호텔', '게임', '돈', '친구', '관광지', '재미']",18,3.611111111,"음식, 식사",호텔,게임,돈,돈
857,CGV 목동,"['쇼핑', '영화', '음식, 식사', '먹다', '아이', '휴식']",22,3.727272727,쇼핑,영화,"음식, 식사",먹다,먹다
858,CGV 명동역,"['영화', '음식, 식사', '쇼핑', '친구', '먹다', '예술']",10,4.1,영화,"음식, 식사",쇼핑,친구,친구
859,씨네큐브 광화문,"['영화', '음식, 식사', '예술', '비싸다', '궁전']",10,4.4,영화,"음식, 식사",예술,비싸다,비싸다
860,퍼피 스푼,"['음식, 식사', '재미', '돈', '싸다, 저렴하다', '먹다', '휴식', '호텔']",21,3.523809524,"음식, 식사",재미,돈,"싸다, 저렴하다","싸다, 저렴하다"
861,스매싱볼,"['친구', '재미', '싸다, 저렴하다', '음식, 식사', '가격', '비싸다', '휴식']",17,4.2352941180000006,친구,재미,"싸다, 저렴하다","음식, 식사","음식, 식사"
862,롯데시네마 김포공항,"['영화', '쇼핑', '음식, 식사', '게임', '여유']",10,4.3,영화,쇼핑,"음식, 식사",게임,게임
863,대한극장,"['영화', '음식, 식사', '역사', '비싸다', '휴식', '재미', '커플']",14,3.928571429,영화,"음식, 식사",역사,비싸다,비싸다
864,Agarbatti DIY skin care shop,['친구'],2,5.0,친구,Nan,Nan,Nan,Nan
865,롯데시네마 건대입구,"['영화', '먹다', '쇼핑', '예술', '비싸다', '음식, 식사', '친구']",9,4.1111111110000005,영화,먹다,쇼핑,예술,예술
866,카페개네 명동,"['음식, 식사', '휴식', '쇼핑', '시장', '체험', '가격', '공연']",23,3.826086957,"음식, 식사",휴식,쇼핑,시장,시장
868,CGV 명동,"['영화', '쇼핑', '재미', '싸다, 저렴하다', '비싸다', '음식, 식사', '친구']",10,4.1,영화,쇼핑,재미,"싸다, 저렴하다","싸다, 저렴하다"
869,롯데시네마 월드타워,"['영화', '아이', '쇼핑', '먹다', '비싸다', '음식, 식사', '전망대']",10,4.0,영화,아이,쇼핑,먹다,먹다
870,CGV 여의도,"['영화', '음식, 식사', '쇼핑', '재미', '휴식', '가격', '먹다']",10,3.8,영화,"음식, 식사",쇼핑,재미,재미
871,Megabox Coex,"['영화', '음식, 식사', '아이', '쇼핑', '비싸다', '먹다']",5,4.6,영화,"음식, 식사",아이,쇼핑,쇼핑
872,CGV 압구정점,"['영화', '예술', '음식, 식사', '휴식', '먹다']",9,4.0,영화,예술,"음식, 식사",휴식,휴식
873,브이알존 - 용산 아이파크몰점,"['재미', '체험', '가격', '게임', '친구', '구매', '영화']",5,4.2,재미,체험,가격,게임,게임
874,잔쿠라 아트스페이스,"['강좌', '예술', '재미', '역사', '싸다, 저렴하다', '비싸다', '미술관']",7,5.0,강좌,예술,재미,역사,역사
875,서울 극장,"['영화', '예술', '재미', '시장', '비싸다', '먹다', '이벤트']",7,4.0,영화,예술,재미,시장,시장
876,메가박스 아트나인,"['영화', '예술', '음식, 식사', '비싸다', '이벤트', '가격', '문화']",6,4.5,영화,예술,"음식, 식사",비싸다,비싸다
877,비트포비아 신논현,"['재미', '가족', '친구', '휴식']",5,5.0,재미,가족,친구,휴식,휴식
878,롯데시네마 가산디지털,"['영화', '쇼핑', '음식, 식사', '싸다, 저렴하다', '먹다', '여유']",6,4.166666667,영화,쇼핑,"음식, 식사","싸다, 저렴하다","싸다, 저렴하다"
879,세븐럭카지노 강남코엑스점,"['게임', '음식, 식사', '먹다', '호텔', '돈', '관광지', '가족']",20,2.7,게임,"음식, 식사",먹다,호텔,호텔
880,롯데시네마 누리꿈관,"['영화', '아이', '나들이', '산책', '경기', '먹다', '음식, 식사']",6,4.333333333,영화,아이,나들이,산책,산책
881,노리한복,"['체험', '나들이', '친구', '쇼핑', '싸다, 저렴하다']",2,5.0,체험,나들이,친구,쇼핑,쇼핑
882,CGV 구로,"['영화', '쇼핑', '음식, 식사', '휴식', '여유', '돈', '활동']",11,3.727272727,영화,쇼핑,"음식, 식사",휴식,휴식
883,타요 키즈카페 은평뉴타운점,"['아이', '음식, 식사', '호텔']",6,4.166666667,아이,"음식, 식사",호텔,Nan,Nan
884,VR스테이션 - 강남점,"['재미', '싸다, 저렴하다', '비싸다', '음식, 식사', '친구', '가격', '게임']",3,4.666666667,재미,"싸다, 저렴하다",비싸다,"음식, 식사","음식, 식사"
885,Colorant Makeup Studio,"['자연', '재미', '친구']",5,5.0,자연,재미,친구,Nan,Nan
888,유니온볼링장,"['재미', '게임', '휴식', '싸다, 저렴하다', '비싸다', '먹다', '친구']",4,4.0,재미,게임,휴식,"싸다, 저렴하다","싸다, 저렴하다"
889,남산타운문화체육센터,"['싸다, 저렴하다', '강좌']",3,4.666666667,"싸다, 저렴하다",강좌,Nan,Nan,Nan
891,CGV Shinchon Artreon,"['영화', '재미', '먹다', '예술']",3,4.666666667,영화,재미,먹다,예술,예술
892,롯데시네마 영등포,"['쇼핑', '영화', '비싸다', '역사', '여유']",3,3.666666667,쇼핑,영화,비싸다,역사,역사
893,롯데시네마 홍대입구점,"['쇼핑', '음식, 식사', '영화', '먹다', '구매', '여유', '강좌']",4,4.25,쇼핑,"음식, 식사",영화,먹다,먹다
894,브이알존 엑스 - 코엑스 직영점,"['게임', '아이', '재미', '가격', '커플', '체험', '싸다, 저렴하다']",2,5.0,게임,아이,재미,가격,가격
895,CGV 홍대,"['영화', '음식, 식사', '쇼핑', '먹다', '가족', '친구']",6,3.833333333,영화,"음식, 식사",쇼핑,먹다,먹다
896,올가미 이스케이프,"['재미', '친구', '휴식', '가격']",2,5.0,재미,친구,휴식,가격,가격
897,오늘도 고양이,"['음식, 식사']",1,5.0,"음식, 식사",Nan,Nan,Nan,Nan
898,난지천공원,"['공원', '체험', '자연', '산책']",3,4.333333333,공원,체험,자연,산책,산책
899,룸 익스케이프 - 신촌화이트점,['재미'],2,5.0,재미,Nan,Nan,Nan,Nan
900,CGV Gangdong,"['영화', '휴식', '먹다']",8,3.625,영화,휴식,먹다,Nan,Nan
901,삐에로 스트라이크,"['싸다, 저렴하다', '비싸다', '음식, 식사', '가격']",2,4.0,"싸다, 저렴하다",비싸다,"음식, 식사",가격,가격
902,리얼야구존 이태원점,"['재미', '커플', '친구']",1,5.0,재미,커플,친구,Nan,Nan
903,메가박스 신촌,"['영화', '싸다, 저렴하다', '음식, 식사', '역사', '친구', '휴식', '가격']",10,3.4,영화,"싸다, 저렴하다","음식, 식사",역사,역사
904,호텔드코드,"['친구', '음식, 식사', '영화']",2,5.0,친구,"음식, 식사",영화,Nan,Nan
905,세븐럭카지노 강북힐튼점,"['호텔', '돈', '음식, 식사', '게임', '재미', '상품', '쇼핑']",24,2.958333333,호텔,돈,"음식, 식사",게임,게임
906,더왜그클럽,"['친구', '음식, 식사']",2,5.0,친구,"음식, 식사",Nan,Nan,Nan
907,CGV 군자점,"['영화', '음식, 식사', '휴식', '여유', '전쟁']",5,3.8,영화,"음식, 식사",휴식,여유,여유
908,아트하우스 모모,"['영화', '예술', '먹다']",2,4.5,영화,예술,먹다,Nan,Nan
909,롯데시네마 용산,"['가격', '영화', '아이', '친구', '가족', '이벤트']",3,4.0,가격,영화,아이,친구,친구
910,이태원어린이공원,"['아이', '공원']",1,5.0,아이,공원,Nan,Nan,Nan
911,한남볼링센타,"['가족', '싸다, 저렴하다', '먹다', '음식, 식사', '커플', '친구', '가격']",4,3.75,가족,"싸다, 저렴하다",먹다,"음식, 식사","음식, 식사"
912,CGV Daehangno,[],1,3.0,Nan,Nan,Nan,Nan,Nan
914,Cottage Garden Board-game & Crime-scene,"['재미', '친구', '게임']",1,5.0,재미,친구,게임,Nan,Nan
915,Hanbok That Day,[],1,5.0,Nan,Nan,Nan,Nan,Nan
917,한복남 창경궁점,"['가족', '구매', '궁전']",1,5.0,가족,구매,궁전,Nan,Nan
919,용산구문화체육센터,"['싸다, 저렴하다', '강좌', '가격']",2,4.5,"싸다, 저렴하다",강좌,가격,Nan,Nan
920,Seoul International Women's Film Festival,['영화'],1,3.0,영화,Nan,Nan,Nan,Nan
921,뷰티인사이드,"['친구', '예술', '풍경', '전시관']",1,5.0,친구,예술,풍경,전시관,전시관
922,돔골프,[],1,5.0,Nan,Nan,Nan,Nan,Nan
924,브레이크아웃 이스케이프 홍대본점,"['게임', '음식, 식사', '영화']",1,5.0,게임,"음식, 식사",영화,Nan,Nan
925,서화한복,"['가격', '궁전', '쇼핑', '관광지', '체험', '미술관', '구매']",10,3.2,가격,궁전,쇼핑,관광지,관광지
926,서촌나들이 한복 경복궁역점,"['친구', '역사']",1,5.0,친구,역사,Nan,Nan,Nan
927,골프존파크 - 행당 레몬스크린점,"['음식, 식사']",1,5.0,"음식, 식사",Nan,Nan,Nan,Nan
928,우이볼링장,"['게임', '싸다, 저렴하다', '가족']",1,4.0,게임,"싸다, 저렴하다",가족,Nan,Nan
929,롯데시네마 에비뉴엘,"['쇼핑', '영화', '먹다', '궁전']",2,3.5,쇼핑,영화,먹다,궁전,궁전
930,투캣츠,"['음식, 식사', '아이', '먹다', '재미', '활동', '구매', '가격']",10,4.1,"음식, 식사",아이,먹다,재미,재미
931,플레이즈 라운지,"['아이', '친구', '커플', '가족']",1,5.0,아이,친구,커플,가족,가족
932,CGV 상암,"['경기', '영화', '시장', '아이', '휴식', '쇼핑', '비싸다']",4,3.5,경기,영화,시장,아이,아이
933,브이알존,"['체험', '음식, 식사']",1,5.0,체험,"음식, 식사",Nan,Nan,Nan
934,스타24시 동네볼링장,"['싸다, 저렴하다', '비싸다', '가격']",1,5.0,"싸다, 저렴하다",비싸다,가격,Nan,Nan
935,브이알존 홍대점,"['체험', '휴식']",1,5.0,체험,휴식,Nan,Nan,Nan
936,씨네코드 선재,"['영화', '예술']",1,5.0,영화,예술,Nan,Nan,Nan
937,판타스틱 엠,"['체험', '게임']",1,5.0,체험,게임,Nan,Nan,Nan
939,성대 볼링장,"['시장', '친구', '가족']",1,5.0,시장,친구,가족,Nan,Nan
940,강북볼링센타,['친구'],1,5.0,친구,Nan,Nan,Nan,Nan
941,Code Escape Gangnam,['재미'],3,3.666666667,재미,Nan,Nan,Nan,Nan
942,스페셜박스 코인노래연습장,"['싸다, 저렴하다']",1,4.0,"싸다, 저렴하다",Nan,Nan,Nan,Nan
943,브이알존 강남점,[],1,3.0,Nan,Nan,Nan,Nan,Nan
946,허리우드극장,['영화'],1,4.0,영화,Nan,Nan,Nan,Nan
947,CGV 강변,"['영화', '공원', '쇼핑']",3,3.333333333,영화,공원,쇼핑,Nan,Nan
948,롯데시네마 가양점,"['영화', '쇼핑']",1,4.0,영화,쇼핑,Nan,Nan,Nan
950,스폰지하우스,"['영화', '예술']",1,4.0,영화,예술,Nan,Nan,Nan
951,잠실 자동차 극장,[],1,4.0,Nan,Nan,Nan,Nan,Nan
952,메가박스 별내점,"['비싸다', '영화']",1,4.0,비싸다,영화,Nan,Nan,Nan
954,롯데시네마 합정,"['영화', '싸다, 저렴하다']",8,3.0,영화,"싸다, 저렴하다",Nan,Nan,Nan
955,강변스파랜드,"['음식, 식사', '돈', '호텔', '먹다']",8,3.0,"음식, 식사",돈,호텔,먹다,먹다
956,롯데시네마 홍대입구,"['영화', '쇼핑', '음식, 식사']",1,3.0,영화,쇼핑,"음식, 식사",Nan,Nan
957,길동 볼링장,[],1,3.0,Nan,Nan,Nan,Nan,Nan
958,보스턴볼링장,"['친구', '먹다']",1,3.0,친구,먹다,Nan,Nan,Nan
959,CGV Gonghang Store,"['영화', '여유']",1,3.0,영화,여유,Nan,Nan,Nan
960,CGV Mia Store,[],1,3.0,Nan,Nan,Nan,Nan,Nan
961,이문체육문화센터,[],1,3.0,Nan,Nan,Nan,Nan,Nan
962,돈암문화스포츠센터,"['돈', '싸다, 저렴하다']",1,3.0,돈,"싸다, 저렴하다",Nan,Nan,Nan
963,당진시네마,['영화'],1,3.0,영화,Nan,Nan,Nan,Nan
964,CGV 하계,"['아이', '영화', '쇼핑', '가족', '음식, 식사']",4,3.0,아이,영화,쇼핑,가족,가족
965,브이알존 시네마 가로수길점,"['체험', '게임', '비싸다', '음식, 식사', '돈', '재미', '싸다, 저렴하다']",2,3.0,체험,게임,비싸다,"음식, 식사","음식, 식사"
966,석촌볼링장,"['싸다, 저렴하다', '가족', '경기', '먹다', '게임']",3,2.666666667,"싸다, 저렴하다",가족,경기,먹다,먹다
968,CGV 신도림,"['음식, 식사']",3,2.666666667,"음식, 식사",Nan,Nan,Nan,Nan
969,인터파크 VR,[],1,2.0,Nan,Nan,Nan,Nan,Nan
970,성신볼링장,"['먹다', '돈']",2,2.0,먹다,돈,Nan,Nan,Nan
971,메가박스 송파 파크하비오,"['영화', '쇼핑']",2,4.5,영화,쇼핑,Nan,Nan,Nan
972,롯데시네마 브로드웨이,"['영화', '아이', '예술']",3,2.333333333,영화,아이,예술,Nan,Nan
973,윤해영 한복,"['친구', '궁전', '가격']",1,5.0,친구,궁전,가격,Nan,Nan
974,비트 포비아 홍대,[],1,4.0,Nan,Nan,Nan,Nan,Nan
975,맹쿤 라쿤카페,"['음식, 식사', '재미', '아이', '돈', '가족', '먹다', '친구']",20,2.25,"음식, 식사",재미,아이,돈,돈
976,미어캣 프랜즈,"['음식, 식사', '재미', '자연', '아이', '돈']",6,2.333333333,"음식, 식사",재미,자연,아이,아이
1121,아로마 타이 스파 공덕점,"['친구', '싸다, 저렴하다', '힐링', '가격', '가족', '커플', '돈']",85,4.941176471,친구,"싸다, 저렴하다",힐링,가격,가격
1122,실로암 불가마 사우나,"['음식, 식사', '싸다, 저렴하다', '휴식', '가격', '호텔', '관광지', '먹다']",119,4.302521008,"음식, 식사","싸다, 저렴하다",휴식,가격,가격
1123,레비쉬 스파,"['호텔', '싸다, 저렴하다', '가격', '돈', '비싸다', '친구', '힐링']",26,4.769230769,호텔,"싸다, 저렴하다",가격,돈,돈
1124,크레이트 웰네스,"['돈', '친구', '가족', '활동', '구매', '휴식']",16,4.75,돈,친구,가족,활동,활동
1125,드래곤힐스파,"['싸다, 저렴하다', '음식, 식사', '가격', '휴식', '비싸다', '친구', '아이']",176,3.5,"싸다, 저렴하다","음식, 식사",가격,휴식,휴식
1126,스파 지 명동점,['가격'],2,5.0,가격,Nan,Nan,Nan,Nan
1127,스파렉스 동대문점,"['돈', '음식, 식사', '싸다, 저렴하다', '가격', '친구', '문화', '관광지']",17,4.4117647060000005,돈,"음식, 식사","싸다, 저렴하다",가격,가격
1128,더 스파 그랜드 하얏트 서울,"['호텔', '아이', '산책', '커플', '자연', '가족', '힐링']",11,4.545454545,호텔,아이,산책,커플,커플
1129,인사동 한증막,"['관광지', '돈', '휴식', '비싸다', '친구', '호텔', '자연']",15,4.533333333,관광지,돈,휴식,비싸다,비싸다
1130,씨랄라,"['아이', '가격', '분수', '가족', '공원', '활동', '구매']",7,4.0,아이,가격,분수,가족,가족
1131,스파 1899 동인비 - 대치점,"['비싸다', '구매', '싸다, 저렴하다', '유익하다', '가격', '호텔']",2,5.0,비싸다,구매,"싸다, 저렴하다",유익하다,유익하다
1132,프로방스 스파 바이 록시땅,"['돈', '힐링', '휴식', '싸다, 저렴하다']",12,4.75,돈,힐링,휴식,"싸다, 저렴하다","싸다, 저렴하다"
1133,미조 에스떼 살롱,"['가격', '돈', '체험']",6,4.666666667,가격,돈,체험,Nan,Nan
1134,신천 마사지/ 아델 힐링타이,"['친구', '싸다, 저렴하다', '먹다', '힐링', '가격', '커플', '휴식']",7,5.0,친구,"싸다, 저렴하다",먹다,힐링,힐링
1135,2s 압구정,"['친구', '커플', '음식, 식사', '힐링', '휴식', '궁전']",11,4.909090909,친구,커플,"음식, 식사",힐링,힐링
1137,헤라,"['비싸다', '돈', '싸다, 저렴하다', '가격']",1,3.0,비싸다,돈,"싸다, 저렴하다",가격,가격
1138,큐 스파 앤 클리닉,"['호텔', '가격', '싸다, 저렴하다', '친구', '비싸다', '영화', '돈']",10,4.7,호텔,가격,"싸다, 저렴하다",친구,친구
1139,설화수 스파,"['쇼핑', '먹다', '가격']",5,4.2,쇼핑,먹다,가격,Nan,Nan
1140,스파 레이,"['음식, 식사', '휴식', '싸다, 저렴하다', '가격', '먹다', '친구', '힐링']",28,3.571428571,"음식, 식사",휴식,"싸다, 저렴하다",가격,가격
1141,스파렉스 불한증막 사우나,"['돈', '휴식', '음식, 식사', '쇼핑', '먹다', '친구', '호텔']",9,2.888888889,돈,휴식,"음식, 식사",쇼핑,쇼핑
1142,워터킹덤 송파파크하비오점,"['아이', '가족', '먹다', '공원', '재미', '비싸다', '상품']",5,4.6,아이,가족,먹다,공원,공원
1143,더 스파 인 가든파이브,"['영화', '음식, 식사', '먹다', '가족', '가격', '싸다, 저렴하다', '휴식']",15,3.733333333,영화,"음식, 식사",먹다,가족,가족
1144,설화수 스파,"['가격', '호텔', '돈', '휴식', '친구', '체험', '먹다']",6,4.0,가격,호텔,돈,휴식,휴식
1145,팬시스튜디오,"['강좌', '재미']",2,5.0,강좌,재미,Nan,Nan,Nan
1146,뱀부테라피,"['가격', '쇼핑', '싸다, 저렴하다', '상품', '휴식']",9,4.333333333,가격,쇼핑,"싸다, 저렴하다",상품,상품
1147,네츄럴타이스파 - 압구정점,"['싸다, 저렴하다', '친구', '가격']",3,5.0,"싸다, 저렴하다",친구,가격,Nan,Nan
1148,네츄럴타이스파 - 역삼점,"['친구', '싸다, 저렴하다', '커플', '가격', '비싸다']",4,5.0,친구,"싸다, 저렴하다",커플,가격,가격
1149,반얀 트리 스파,"['호텔', '음식, 식사', '싸다, 저렴하다', '구매', '가격', '가족', '힐링']",7,4.1428571430000005,호텔,"음식, 식사","싸다, 저렴하다",구매,구매
1150,황금스파,['관광지'],1,3.0,관광지,Nan,Nan,Nan,Nan
1152,벨르테라피,"['돈', '친구', '비싸다', '힐링']",10,4.6,돈,친구,비싸다,힐링,힐링
1153,스파 디어오가닉,"['호텔', '친구']",3,5.0,호텔,친구,Nan,Nan,Nan
1154,파라곤스파,"['음식, 식사']",3,4.333333333,"음식, 식사",Nan,Nan,Nan,Nan
1155,숲속 한방 랜드,"['먹다', '휴식', '음식, 식사', '가격', '돈', '예술', '가족']",6,3.833333333,먹다,휴식,"음식, 식사",가격,가격
1156,해피데이스파 홍대점,"['싸다, 저렴하다', '호텔', '가격', '휴식', '돈', '음식, 식사', '커플']",25,3.16,"싸다, 저렴하다",호텔,가격,휴식,휴식
1158,인스파,"['호텔', '싸다, 저렴하다', '친구']",2,5.0,호텔,"싸다, 저렴하다",친구,Nan,Nan
1160,굿모닝 약손마사지,"['쇼핑', '싸다, 저렴하다']",2,5.0,쇼핑,"싸다, 저렴하다",Nan,Nan,Nan
1161,디 오리엔탈,[],1,5.0,Nan,Nan,Nan,Nan,Nan
1163,준 타이 마사지,[],1,4.0,Nan,Nan,Nan,Nan,Nan
1165,삼호 궁전 사우나,[],2,4.5,Nan,Nan,Nan,Nan,Nan
1167,인사동 마사지,['가격'],2,5.0,가격,Nan,Nan,Nan,Nan
1168,우리유황온천,"['쇼핑', '음식, 식사']",2,5.0,쇼핑,"음식, 식사",Nan,Nan,Nan
1170,스파더엘,"['싸다, 저렴하다', '비싸다', '가격', '호텔']",2,4.5,"싸다, 저렴하다",비싸다,가격,호텔,호텔
1171,Samsung Leports Center,"['아이', '싸다, 저렴하다', '비싸다']",2,5.0,아이,"싸다, 저렴하다",비싸다,Nan,Nan
1172,월드사우나24시찜질방,"['관광지', '음식, 식사']",3,4.0,관광지,"음식, 식사",Nan,Nan,Nan
1174,코로비아,['호텔'],1,5.0,호텔,Nan,Nan,Nan,Nan
1177,티파니스킨,['활동'],1,5.0,활동,Nan,Nan,Nan,Nan
1178,오휘스파 논현,"['비싸다', '역사', '싸다, 저렴하다', '가격']",3,3.666666667,비싸다,역사,"싸다, 저렴하다",가격,가격
1179,쑥뜸명가 - 잠실본점,[],1,5.0,Nan,Nan,Nan,Nan,Nan
1181,포시즌스 스파,"['음식, 식사', '궁전']",1,5.0,"음식, 식사",궁전,Nan,Nan,Nan
1182,휴고 스파,[],2,4.0,Nan,Nan,Nan,Nan,Nan
1183,엘림피부경락,['가격'],1,5.0,가격,Nan,Nan,Nan,Nan
1184,벤자롱스파 - 창2동점,[],1,5.0,Nan,Nan,Nan,Nan,Nan
1187,아이뽀 - 삼성점,"['커플', '아이']",1,5.0,커플,아이,Nan,Nan,Nan
1193,국일관,"['친구', '휴식']",1,3.0,친구,휴식,Nan,Nan,Nan
1195,약손119마사지,"['힐링', '돈', '먹다']",3,3.666666667,힐링,돈,먹다,Nan,Nan
1196,삼모스포렉스,"['싸다, 저렴하다', '비싸다']",1,5.0,"싸다, 저렴하다",비싸다,Nan,Nan,Nan
1197,골든사우나,['가격'],1,5.0,가격,Nan,Nan,Nan,Nan
1198,바른마사지마마,"['친구', '궁전']",1,5.0,친구,궁전,Nan,Nan,Nan
1199,수정탕,[],1,5.0,Nan,Nan,Nan,Nan,Nan
1200,시암타이마사지,['가격'],4,5.0,가격,Nan,Nan,Nan,Nan
1201,골든크라운크로스핏 - 서대문역,"['음식, 식사']",1,4.0,"음식, 식사",Nan,Nan,Nan,Nan
1204,중계스파밸리,['가족'],1,4.0,가족,Nan,Nan,Nan,Nan
1205,명동 머드 한증막,"['휴식', '아이', '친구', '음식, 식사', '예술']",4,2.75,휴식,아이,친구,"음식, 식사","음식, 식사"
1207,콘래드 스파,[],1,4.0,Nan,Nan,Nan,Nan,Nan
1208,스파 더 정,"['호텔', '휴식', '가격']",1,4.0,호텔,휴식,가격,Nan,Nan
1210,River Sauna,"['돈', '가격']",1,4.0,돈,가격,Nan,Nan,Nan
1211,약손명가 본점,['체험'],2,4.0,체험,Nan,Nan,Nan,Nan
1212,Utopia Spa,"['체험', '아이']",1,4.0,체험,아이,Nan,Nan,Nan
1213,타이 팰리스,['호텔'],1,4.0,호텔,Nan,Nan,Nan,Nan
1214,잠실수양불한증막,[],1,3.0,Nan,Nan,Nan,Nan,Nan
1215,올림피아 사우나,"['음식, 식사']",1,4.0,"음식, 식사",Nan,Nan,Nan,Nan
1216,오투 바디앤풋,"['가격', '쇼핑']",1,4.0,가격,쇼핑,Nan,Nan,Nan
1218,우 마사지,"['싸다, 저렴하다', '관광지', '먹다', '친구', '가격', '호텔']",3,4.333333333,"싸다, 저렴하다",관광지,먹다,친구,친구
1219,동대문마사지,"['가격', '돈', '쇼핑']",1,1.0,가격,돈,쇼핑,Nan,Nan
1220,봉일스파랜드,"['돈', '먹다', '음식, 식사']",3,3.333333333,돈,먹다,"음식, 식사",Nan,Nan
1221,얼짱몸짱 이수점,"['싸다, 저렴하다', '가격', '힐링']",3,3.0,"싸다, 저렴하다",가격,힐링,Nan,Nan
1222,롯데 불한증막 사우나,"['가격', '돈', '싸다, 저렴하다', '호텔']",1,4.0,가격,돈,"싸다, 저렴하다",호텔,호텔
1224,신촌 불한증막,[],1,3.0,Nan,Nan,Nan,Nan,Nan
1225,씨앤미스파밸리,['가족'],1,3.0,가족,Nan,Nan,Nan,Nan
1226,목동헬스대중사우나,[],1,3.0,Nan,Nan,Nan,Nan,Nan
1228,백록담사우나,['가족'],1,3.0,가족,Nan,Nan,Nan,Nan
1229,관악프라자,"['쇼핑', '시장']",1,3.0,쇼핑,시장,Nan,Nan,Nan
1231,겔랑 스파,"['호텔', '먹다']",4,3.5,호텔,먹다,Nan,Nan,Nan
1232,주양보석불가마사우나,"['돈', '휴식']",3,2.666666667,돈,휴식,Nan,Nan,Nan
1233,한성보석사우나,['가격'],1,2.0,가격,Nan,Nan,Nan,Nan
1235,스파 어바인,"['친구', '힐링']",2,5.0,친구,힐링,Nan,Nan,Nan
1236,월드컵 스파랜드 24,['친구'],4,2.5,친구,Nan,Nan,Nan,Nan
1237,마르지아힐링스파 청담점,"['힐링', '체험', '가격', '커플', '친구', '호텔', '자연']",13,4.923076923,힐링,체험,가격,커플,커플
1238,오투,['친구'],1,1.0,친구,Nan,Nan,Nan,Nan
1239,풍림24시불가마사우나,"['돈', '먹다', '이벤트']",5,1.6,돈,먹다,이벤트,Nan,Nan
1240,한강 사우나,"['가격', '싸다, 저렴하다', '비싸다', '친구', '호텔']",2,1.0,가격,"싸다, 저렴하다",비싸다,친구,친구
1241,동영휘트니스클럽,"['돈', '강좌']",1,1.0,돈,강좌,Nan,Nan,Nan
1243,우리건강연구소,['돈'],2,5.0,돈,Nan,Nan,Nan,Nan
1422,창덕궁,"['궁전', '산책', '역사', '문화', '관광지', '친구', '자연']",1235,4.405668016,궁전,산책,역사,문화,문화
1423,봉은사,"['쇼핑', '관광지', '휴식', '산책', '싸다, 저렴하다', '궁전', '호텔']",445,4.348314607,쇼핑,관광지,휴식,산책,산책
1424,조계사,"['음식, 식사', '먹다', '휴식', '관광지', '궁전', '호텔', '쇼핑']",262,4.27480916,"음식, 식사",먹다,휴식,관광지,관광지
1425,서울 한양 도성,"['역사', '공원', '산책', '먹다', '박물관', '자연', '풍경']",74,4.418918918999999,역사,공원,산책,먹다,먹다
1426,창경궁,"['궁전', '역사', '관광지', '문화', '산책', '공원', '쇼핑']",260,4.438461538,궁전,역사,관광지,문화,문화
1427,이화여자대학교,"['쇼핑', '음식, 식사', '싸다, 저렴하다', '가격', '산책', '관광지', '먹다']",340,4.176470588,쇼핑,"음식, 식사","싸다, 저렴하다",가격,가격
1428,명동 성당,"['쇼핑', '역사', '음식, 식사', '관광지', '휴식', '먹다', '호텔']",325,4.384615385,쇼핑,역사,"음식, 식사",관광지,관광지
1429,홍대앞 거리,"['음식, 식사', '쇼핑', '공연', '먹다', '재미', '친구', '문화']",671,4.220566319,"음식, 식사",쇼핑,공연,먹다,먹다
1430,명동 쇼핑 거리,"['쇼핑', '음식, 식사', '관광지', '먹다', '싸다, 저렴하다', '비싸다', '가격']",2667,4.173228346,쇼핑,"음식, 식사",관광지,먹다,먹다
1431,서울스카이,"['전망대', '싸다, 저렴하다', '비싸다', '가격', '구매', '친구', '먹다']",60,4.083333333,전망대,"싸다, 저렴하다",비싸다,가격,가격
1432,청계천,"['산책', '먹다', '휴식', '커플', '가족', '친구', '음식, 식사']",1266,4.319905213,산책,먹다,휴식,커플,커플
1433,인사동,"['음식, 식사', '먹다', '관광지', '쇼핑', '체험', '문화', '재미']",1675,4.230447761000001,"음식, 식사",먹다,관광지,쇼핑,쇼핑
1434,삼청동길,"['음식, 식사', '쇼핑', '산책', '먹다', '싸다, 저렴하다', '궁전', '관광지']",230,4.173913043,"음식, 식사",쇼핑,산책,먹다,먹다
1435,N 서울 타워,"['전망대', '산책', '관광지', '공원' ,'나들이', '공원']",2985,4.191959799,전망대,산책,관광지,공원,공원
1436,동대문 디자인 플라자,"['문화', '박물관', '전시관',' 예술']",628,4.187898089,문화,박물관,전시관, 예술, 예술
1437,광화문,"['궁전', '역사', '음식, 식사', '아이', '풍경', '문화', '돈']",240,4.275,궁전,역사,"음식, 식사",아이,아이
1438,덕수궁,"['궁전', '역사', '미술', '미술관', '관광지', '싸다, 저렴하다', '박물관']",287,4.348432056,궁전,역사,미술,미술관,미술관
1439,북촌 한옥마을,"['음식, 식사', '관광지', '산책', '친구', '먹다', '궁전', '체험']",1278,4.264475743,"음식, 식사",관광지,산책,친구,친구
1440,종묘,"['문화', '역사', '궁전', '관광지', '휴식', '산책', '싸다, 저렴하다']",189,4.2063492060000005,문화,역사,궁전,관광지,관광지
1441,남산골 한옥 마을,"['산책', '공원', '문화', '관광지', '체험', '역사', '아이']",284,4.1830985919999994,산책,공원,문화,관광지,관광지
1442,광화문 광장,"['궁전', '역사', '박물관', '산책', '관광지', '음식, 식사', '분수']",279,4.161290323,궁전,역사,박물관,산책,산책
1443,서울중앙성원,"['음식, 식사', '먹다', '친구', '풍경', '쇼핑', '관광지', '재미']",42,4.2619047619999995,"음식, 식사",먹다,친구,풍경,풍경
1444,이화 벽화마을,"['예술', '음식, 식사', '공원', '산책', '쇼핑', '재미', '관광지']",131,4.053435115,예술,"음식, 식사",공원,산책,산책
1445,서울 시청,"['궁전', '음식, 식사', '아이', '관광지', '호텔', '문화', '재미']",176,3.9318181819999998,궁전,"음식, 식사",아이,관광지,관광지
1446,세종대왕 동상,"['궁전', '박물관', '역사', '관광지', '전시관', '문화', '아이']",140,4.057142857,궁전,박물관,역사,관광지,관광지
1447,충무공 이순신 동상,"['궁전', '역사', '박물관', '분수', '아이', '관광지', '전쟁']",80,4.1,궁전,역사,박물관,분수,분수
1448,신촌,"['음식, 식사', '쇼핑', '싸다, 저렴하다', '먹다', '문화', '가격', '비싸다']",76,3.934210526,"음식, 식사",쇼핑,"싸다, 저렴하다",먹다,먹다
1449,이대 패션거리,"['쇼핑', '음식, 식사', '가격', '싸다, 저렴하다', '먹다', '관광지', '비싸다']",100,3.72,쇼핑,"음식, 식사",가격,"싸다, 저렴하다","싸다, 저렴하다"
1450,이태원,"['음식, 식사', '쇼핑', '먹다', '싸다, 저렴하다', '문화', '관광지', '재미']",200,4.05,"음식, 식사",쇼핑,먹다,"싸다, 저렴하다","싸다, 저렴하다"
1451,서울 월드컵 경기장 (상암 월드컵 경기장),"['경기', '공원', '쇼핑', '음식, 식사', '박물관', '영화', '문화']",78,4.064102564,경기,공원,쇼핑,"음식, 식사","음식, 식사"
1452,선릉과 정릉,"['산책', '공원', '휴식', '먹다', '자연', '싸다, 저렴하다', '역사']",65,4.061538462,산책,공원,휴식,먹다,먹다
1453,63시티,"['음식, 식사', '전망대', '먹다', '아쿠아리움', '아이', '박물관', '관광지']",105,3.79047619,"음식, 식사",전망대,먹다,아쿠아리움,아쿠아리움
1454,경희대학교 서울캠퍼스,"['산책', '음식, 식사', '관광지', '싸다, 저렴하다', '먹다', '공연', '공원']",51,4.215686275,산책,"음식, 식사",관광지,"싸다, 저렴하다","싸다, 저렴하다"
1455,숭례문,"['역사', '시장', '궁전', '싸다, 저렴하다', '관광지', '문화', '먹다']",108,3.898148148,역사,시장,궁전,"싸다, 저렴하다","싸다, 저렴하다"
1456,서울로7017,"['산책', '비싸다', '공원', '먹다', '음식, 식사', '아이', '풍경']",53,3.6415094339999996,산책,비싸다,공원,먹다,먹다
1457,익선동한옥거리,"['음식, 식사', '쇼핑', '먹다', '호텔', '재미', '아이', '공예']",37,4.243243243,"음식, 식사",쇼핑,먹다,호텔,호텔
1458,서울 대학로,"['공연', '음식, 식사', '공원', '먹다', '문화', '싸다, 저렴하다', '예술']",69,4.144927536,공연,"음식, 식사",공원,먹다,먹다
1459,동대문 (흥인지문),"['쇼핑', '시장', '역사', '싸다, 저렴하다', '먹다', '관광지', '음식, 식사']",107,3.813084112,쇼핑,시장,역사,"싸다, 저렴하다","싸다, 저렴하다"
1460,운현궁,"['궁전', '역사', '관광지', '산책', '휴식', '전시관', '먹다']",60,4.1,궁전,역사,관광지,산책,산책
1461,낙산 공공 미술,"['음식, 식사', '공원', '관광지', '예술', '먹다', '재미', '게임']",20,4.2,"음식, 식사",공원,관광지,예술,예술
1462,삼청각,"['음식, 식사', '먹다', '가족', '가격', '싸다, 저렴하다', '요리', '친구']",70,4.285714286,"음식, 식사",먹다,가족,가격,가격
1463,청와대,"['궁전', '아이', '산책', '관광지', '공원', '문화', '박물관']",65,3.8,궁전,아이,산책,관광지,관광지
1464,북악산 서울 성곽,"['산책', '공원', '먹다', '휴식', '관광지', '풍경', '음식, 식사']",46,4.391304348,산책,공원,먹다,휴식,휴식
1465,서울 광장,"['아이', '호텔', '음식, 식사', '싸다, 저렴하다', '쇼핑', '궁전', '휴식']",64,3.84375,아이,호텔,"음식, 식사","싸다, 저렴하다","싸다, 저렴하다"
1466,동대문 시장 생선구이 골목,"['음식, 식사', '먹다', '싸다, 저렴하다', '가격', '쇼핑', '아이', '돈']",42,3.833333333,"음식, 식사",먹다,"싸다, 저렴하다",가격,가격
1467,고척스카이돔,"['경기', '콘서트', '음식, 식사', '전망대', '게임', '먹다', '공연']",37,4.1621621619999996,경기,콘서트,"음식, 식사",전망대,전망대
1468,경희궁,"['궁전', '역사', '박물관', '관광지', '산책', '공원', '문화']",40,4.0,궁전,역사,박물관,관광지,관광지
1469,반포대교,"['분수', '공원', '먹다', '음식, 식사', '친구', '산책', '공연']",105,3.628571429,분수,공원,먹다,"음식, 식사","음식, 식사"
1470,고려대학교,"['음식, 식사', '산책', '아이', '먹다', '역사', '싸다, 저렴하다', '강좌']",35,4.342857143,"음식, 식사",산책,아이,먹다,먹다
1471,길상사,"['힐링', '박물관', '휴식', '음식, 식사', '역사', '자연', '산책']",25,4.72,힐링,박물관,휴식,"음식, 식사","음식, 식사"
1472,코엑스,"['쇼핑', '음식, 식사', '전시관', '영화', '비싸다', '재미', '싸다, 저렴하다']",20,4.3,쇼핑,"음식, 식사",전시관,영화,영화
1473,홍익대학교,"['음식, 식사', '예술', '쇼핑', '먹다', '문화', '싸다, 저렴하다', '재미']",29,3.8620689660000003,"음식, 식사",예술,쇼핑,먹다,먹다
1474,세빛섬,"['음식, 식사', '먹다', '산책', '아이', '공원', '관광지', '전시관']",50,3.8,"음식, 식사",먹다,산책,아이,아이
1475,국립 서울 현충원,"['산책', '전쟁', '친구', '아이', '역사', '공원', '가족']",28,4.321428571,산책,전쟁,친구,아이,아이
1476,정동전망대,"['궁전', '음식, 식사', '전망대', '싸다, 저렴하다', '가격', '먹다', '휴식']",19,4.3684210530000005,궁전,"음식, 식사",전망대,"싸다, 저렴하다","싸다, 저렴하다"
1477,보신각,"['역사', '이벤트', '먹다', '문화', '공원', '휴식', '음식, 식사']",20,3.75,역사,이벤트,먹다,문화,문화
1478,백인제가옥,"['역사', '박물관', '관광지', '구매', '영화', '문화', '풍경']",15,4.6,역사,박물관,관광지,구매,구매
1479,Statue of Gangnam Style,"['쇼핑', '재미', '친구', '싸다, 저렴하다', '아이', '문화', '박물관']",25,3.48,쇼핑,재미,친구,"싸다, 저렴하다","싸다, 저렴하다"
1480,국회 의사당,"['산책', '가족', '음식, 식사', '관광지', '먹다', '공원', '나들이']",33,3.727272727,산책,가족,"음식, 식사",관광지,관광지
1481,독립문,"['역사', '공원', '산책', '재미', '시장', '먹다', '아이']",18,4.1111111110000005,역사,공원,산책,재미,재미
1482,서울 정릉,"['산책', '공원', '역사', '휴식', '관광지', '돈', '활동']",13,4.153846154,산책,공원,역사,휴식,휴식
1483,화계사,"['관광지', '가족', '역사', '친구', '음식, 식사', '활동', '호텔']",8,4.5,관광지,가족,역사,친구,친구
1484,서울성공회성당,"['궁전', '역사', '산책', '풍경']",10,4.6,궁전,역사,산책,풍경,풍경
1485,연세대학교 신촌캠퍼스,"['역사', '싸다, 저렴하다', '먹다', '음식, 식사', '자연', '나들이', '관광지']",12,4.333333333,역사,"싸다, 저렴하다",먹다,"음식, 식사","음식, 식사"
1486,연세로,"['음식, 식사', '쇼핑', '먹다', '싸다, 저렴하다', '산책', '역사', '공연']",14,4.0,"음식, 식사",쇼핑,먹다,"싸다, 저렴하다","싸다, 저렴하다"
1487,몽촌토성,"['산책', '공원', '힐링', '휴식', '유적지', '박물관', '역사']",11,4.6363636360000005,산책,공원,힐링,휴식,휴식
1488,진관사,"['산책', '음식, 식사', '관광지', '유적지', '역사', '강좌', '공원']",9,4.666666667,산책,"음식, 식사",관광지,유적지,유적지
1489,이태원 앤틱 가구 거리,"['상품', '가격', '쇼핑', '구매', '비싸다', '싸다, 저렴하다', '음식, 식사']",21,3.714285714,상품,가격,쇼핑,구매,구매
1490,동대문성곽공원,"['공원', '박물관', '음식, 식사', '산책', '휴식', '아이']",8,4.125,공원,박물관,"음식, 식사",산책,산책
1491,원각사지 10층석탑,"['공원', '역사', '싸다, 저렴하다', '휴식', '문화']",6,4.333333333,공원,역사,"싸다, 저렴하다",휴식,휴식
1492,덕수궁 돌담길,"['궁전', '산책', '미술', '미술관', '음식, 식사', '관광지', '풍경']",7,4.0,궁전,산책,미술,미술관,미술관
1493,양화진 외국인 선교사 묘원,"['역사', '가족', '아이', '커플', '친구', '영화', '활동']",10,4.9,역사,가족,아이,커플,커플
1494,KBS 온,"['전시관', '재미', '가족', '공원', '아이', '친구', '역사']",11,3.9090909089999997,전시관,재미,가족,공원,공원
1495,낙산 묘각사,"['먹다', '재미', '역사', '음식, 식사', '호텔', '문화', '유익하다']",4,5.0,먹다,재미,역사,"음식, 식사","음식, 식사"
1496,삼청공원,"['공원', '산책', '아이', '궁전', '먹다', '자연', '전망대']",7,4.714285714,공원,산책,아이,궁전,궁전
1497,망원 한강공원,"['공원', '산책', '먹다', '재미', '음식, 식사', '자연']",9,4.555555556,공원,산책,먹다,재미,재미
1498,올림픽공원 세계평화의문,"['산책', '공원', '커플', '문화']",5,4.6,산책,공원,커플,문화,문화
1499,환구단,"['호텔', '궁전', '역사', '공원', '친구', '유적지', '관광지']",8,4.25,호텔,궁전,역사,공원,공원
1500,도선사,"['재미', '분수', '음식, 식사', '공원', '호텔']",6,4.333333333,재미,분수,"음식, 식사",공원,공원
1501,혜화문 (홍화문),"['궁전', '쇼핑']",4,4.0,궁전,쇼핑,Nan,Nan,Nan
1502,서울 석촌동 고분군,"['산책', '역사', '유적지', '공원', '휴식', '먹다', '자연']",14,4.071428571,산책,역사,유적지,공원,공원
1503,봉원사,"['체험', '음식, 식사', '산책', '문화', '유적지', '싸다, 저렴하다', '비싸다']",5,4.0,체험,"음식, 식사",산책,문화,문화
1504,중앙고등학교 (겨울연가 촬영지),"['산책', '친구', '음식, 식사', '궁전', '쇼핑', '상품', '아이']",10,3.6,산책,친구,"음식, 식사",궁전,궁전
1505,구러시아 공사관,"['역사', '공원', '전쟁']",4,3.75,역사,공원,전쟁,Nan,Nan
1506,북악스카이웨이,"['먹다', '음식, 식사', '전망대', '재미', '커플', '풍경', '산책']",5,4.8,먹다,"음식, 식사",전망대,재미,재미
1507,문묘,['문화'],4,4.25,문화,Nan,Nan,Nan,Nan
1508,한류스타거리,"['재미', '음식, 식사', '쇼핑', '산책', '호텔', '아이', '비싸다']",4,4.5,재미,"음식, 식사",쇼핑,산책,산책
1509,마포대교,"['공원', '재미', '비싸다', '먹다', '음식, 식사', '강좌']",6,4.5,공원,재미,비싸다,먹다,먹다
1510,약현성당,"['먹다', '역사', '커플', '박물관', '전시관']",6,4.166666667,먹다,역사,커플,박물관,박물관
1511,잠실종합운동장,"['경기', '콘서트', '게임', '재미', '산책', '가족', '음식, 식사']",9,4.222222222,경기,콘서트,게임,재미,재미
1512,경춘선숲길,"['음식, 식사', '공원', '산책', '가족', '시장', '휴식']",7,4.285714286,"음식, 식사",공원,산책,가족,가족
1513,해방촌,"['음식, 식사', '재미', '쇼핑', '먹다', '문화']",4,4.5,"음식, 식사",재미,쇼핑,먹다,먹다
1514,덕수궁 중명전,"['역사', '궁전', '박물관', '먹다', '전시관']",6,4.166666667,역사,궁전,박물관,먹다,먹다
1515,경의선책거리,['아이'],3,4.333333333,아이,Nan,Nan,Nan,Nan
1516,국제선센터,"['음식, 식사', '재미', '친구', '휴식', '활동', '문화', '여유']",5,5.0,"음식, 식사",재미,친구,휴식,휴식
1517,국립 4.19 민주 묘지,"['산책', '음식, 식사', '공원', '역사', '나들이', '가족', '휴식']",4,4.5,산책,"음식, 식사",공원,역사,역사
1518,화랑대역 - 폐역,"['먹다', '가족', '전시관', '나들이', '박물관', '역사', '싸다, 저렴하다']",4,4.5,먹다,가족,전시관,나들이,나들이
1519,태릉,"['아이', '역사', '관광지', '가족', '산책', '여유', '나들이']",7,4.1428571430000005,아이,역사,관광지,가족,가족
1520,숙정문,['공원'],1,4.0,공원,Nan,Nan,Nan,Nan
1521,이화벽화마을,"['음식, 식사', '쇼핑', '영화', '관광지', '공원', '풍경', '자연']",4,4.5,"음식, 식사",쇼핑,영화,관광지,관광지
1522,목동종합운동장,"['아이', '경기', '역사', '산책']",8,3.5,아이,경기,역사,산책,산책
1523,뚝섬 전망문화 콤플렉스 J-Bug,"['공원', '음식, 식사', '전시관', '문화', '체험', '쇼핑', '커플']",6,4.0,공원,"음식, 식사",전시관,문화,문화
1524,정동교회,"['궁전', '재미', '미술', '미술관']",3,4.0,궁전,재미,미술,미술관,미술관
1525,종각젊음의거리,"['음식, 식사', '친구', '먹다', '쇼핑', '돈', '시장', '관광지']",17,3.411764706,"음식, 식사",친구,먹다,쇼핑,쇼핑
1526,창의문 (자하문),"['산책', '궁전', '음식, 식사', '자연']",6,3.833333333,산책,궁전,"음식, 식사",자연,자연
1527,북촌 문화 센터,"['문화', '휴식', '강좌', '궁전', '역사', '관광지', '전시관']",8,3.75,문화,휴식,강좌,궁전,궁전
1528,암사동선사주거지,"['체험', '아이', '유적지', '나들이', '가족', '산책', '박물관']",5,4.4,체험,아이,유적지,나들이,나들이
1529,선유교,"['공원', '분수', '먹다']",6,3.833333333,공원,분수,먹다,Nan,Nan
1530,평화의소녀상,"['먹다', '역사', '전쟁']",4,4.75,먹다,역사,전쟁,Nan,Nan
1531,칠궁,"['궁전', '관광지', '친구', '역사']",2,4.5,궁전,관광지,친구,역사,역사
1532,동묘,"['시장', '재미', '싸다, 저렴하다', '유적지', '관광지', '쇼핑', '공원']",8,3.625,시장,재미,"싸다, 저렴하다",유적지,유적지
1533,광진교8번가,"['전망대', '공원', '산책', '재미', '미술관', '아이', '강좌']",6,4.0,전망대,공원,산책,재미,재미
1534,경교장,"['역사', '문화', '전시관']",5,4.2,역사,문화,전시관,Nan,Nan
1535,우정총국,"['역사', '관광지', '공원', '궁전']",3,3.666666667,역사,관광지,공원,궁전,궁전
1536,헌릉과 인릉,"['재미', '시장', '싸다, 저렴하다', '휴식']",5,4.4,재미,시장,"싸다, 저렴하다",휴식,휴식
1537,문화비축기지,"['문화', '시장', '음식, 식사', '공원', '아이', '전시관', '미술관']",6,3.333333333,문화,시장,"음식, 식사",공원,공원
1538,청담동 패션 거리,"['비싸다', '쇼핑', '음식, 식사', '재미', '관광지', '예술', '엔터테인먼트']",6,4.0,비싸다,쇼핑,"음식, 식사",재미,재미
1539,북악팔각정,"['전망대', '유적지', '나들이', '커플', '친구', '공원', '궁전']",10,3.5,전망대,유적지,나들이,커플,커플
1540,은평 한옥마을,"['관광지', '음식, 식사', '풍경']",2,4.5,관광지,"음식, 식사",풍경,Nan,Nan
1541,노들섬,"['체험', '가족', '먹다', '음식, 식사', '공연', '산책']",2,4.0,체험,가족,먹다,"음식, 식사","음식, 식사"
1542,평화시장,"['쇼핑', '시장', '싸다, 저렴하다', '가격', '먹다', '상품', '구매']",16,3.125,쇼핑,시장,"싸다, 저렴하다",가격,가격
1543,돈의문 박물관 마을,"['체험', '공연', '돈', '문화', '게임', '영화', '박물관']",2,4.5,체험,공연,돈,문화,문화
1544,영화사,['돈'],2,4.5,돈,Nan,Nan,Nan,Nan
1545,망우리공원,"['공원', '문화', '박물관', '역사', '산책']",2,5.0,공원,문화,박물관,역사,역사
1546,김포공항 전망대,"['전망대', '돈', '먹다', '아이', '체험']",5,4.0,전망대,돈,먹다,아이,아이
1547,대각사,[],2,4.0,Nan,Nan,Nan,Nan,Nan
1548,광희문,"['역사', '전쟁', '휴식']",3,3.666666667,역사,전쟁,휴식,Nan,Nan
1549,봉화산,"['휴식', '아이', '산책']",1,5.0,휴식,아이,산책,Nan,Nan
1550,그린월,[],1,4.0,Nan,Nan,Nan,Nan,Nan
1551,빛타래,[],2,4.5,Nan,Nan,Nan,Nan,Nan
1553,대오서점,"['음식, 식사', '역사']",2,4.0,"음식, 식사",역사,Nan,Nan,Nan
1554,서촌 세종마을 골목길,"['음식, 식사', '싸다, 저렴하다', '비싸다', '먹다']",1,4.0,"음식, 식사","싸다, 저렴하다",비싸다,먹다,먹다
1555,스트리트뮤지엄,"['예술', '재미']",2,3.5,예술,재미,Nan,Nan,Nan
1557,정동1928 아트센터,"['공연', '예술', '역사', '활동', '문화', '전시관']",2,4.5,공연,예술,역사,활동,활동
1558,평화의 소녀상,"['먹다', '역사', '전쟁', '박물관']",2,5.0,먹다,역사,전쟁,박물관,박물관
1559,북한산둘레길,"['음식, 식사', '산책']",1,4.0,"음식, 식사",산책,Nan,Nan,Nan
1560,오지엔 이 스포츠 스타디움,"['경기', '재미', '친구', '구매']",2,4.5,경기,재미,친구,구매,구매
1561,성우이용원,"['쇼핑', '시장', '호텔']",1,4.0,쇼핑,시장,호텔,Nan,Nan
1562,사모바위,"['음식, 식사', '휴식', '풍경']",2,4.5,"음식, 식사",휴식,풍경,Nan,Nan
1563,풍납토성,"['영화', '유적지', '문화', '역사', '박물관', '아이']",3,4.0,영화,유적지,문화,역사,역사
1565,피크닉,"['음식, 식사', '전시관', '싸다, 저렴하다', '비싸다', '미술관', '가격', '친구']",5,3.6,"음식, 식사",전시관,"싸다, 저렴하다",비싸다,비싸다
1566,육군 사관학교,"['관광지', '박물관', '산책']",2,3.5,관광지,박물관,산책,Nan,Nan
1567,만해 한용운 심우장,"['강좌', '음식, 식사', '전시관', '역사']",2,4.5,강좌,"음식, 식사",전시관,역사,역사
1568,서울 의릉,"['관광지', '자연']",1,4.0,관광지,자연,Nan,Nan,Nan
1569,강동구립해공도서관,"['공원', '산책']",2,4.5,공원,산책,Nan,Nan,Nan
1570,평화의 소녀상,"['공원', '먹다']",1,5.0,공원,먹다,Nan,Nan,Nan
1571,평화의소녀상,['먹다'],1,5.0,먹다,Nan,Nan,Nan,Nan
1572,종로 성당,['역사'],1,3.0,역사,Nan,Nan,Nan,Nan
1574,창신동 네팔 음식거리,"['음식, 식사', '싸다, 저렴하다', '먹다', '요리']",1,5.0,"음식, 식사","싸다, 저렴하다",먹다,요리,요리
1575,마장동 먹자골목,"['싸다, 저렴하다', '먹다', '음식, 식사', '시장']",1,5.0,"싸다, 저렴하다",먹다,"음식, 식사",시장,시장
1576,경리단길,"['음식, 식사', '시장']",2,3.5,"음식, 식사",시장,Nan,Nan,Nan
1577,평화의소녀상,"['먹다', '역사']",1,5.0,먹다,역사,Nan,Nan,Nan
1578,평화의소녀상,"['박물관', '역사']",1,5.0,박물관,역사,Nan,Nan,Nan
1580,천주교 순교성지 새남터 기념성당,['역사'],2,4.5,역사,Nan,Nan,Nan,Nan
1581,평화의소녀상,"['먹다', '공원', '역사']",1,5.0,먹다,공원,역사,Nan,Nan
1582,방학천 문화예술거리,"['공예', '예술', '문화']",1,5.0,공예,예술,문화,Nan,Nan
1583,성내동 쭈꾸미골목,"['음식, 식사', '싸다, 저렴하다', '요리', '먹다', '가격']",3,3.666666667,"음식, 식사","싸다, 저렴하다",요리,먹다,먹다
1585,에버랜드 스피드웨이,"['아이', '음식, 식사', '먹다', '게임', '구매']",1,5.0,아이,"음식, 식사",먹다,게임,게임
1586,평화의소녀상,"['먹다', '역사']",1,5.0,먹다,역사,Nan,Nan,Nan
1587,만화의거리 재미로,['아이'],1,4.0,아이,Nan,Nan,Nan,Nan
1588,평화의소녀상,"['먹다', '역사']",1,5.0,먹다,역사,Nan,Nan,Nan
1589,평화의 소녀상,"['박물관', '먹다', '전쟁', '전시관']",1,5.0,박물관,먹다,전쟁,전시관,전시관
1591,종로타워,"['음식, 식사', '휴식', '먹다', '풍경', '전망대']",6,2.5,"음식, 식사",휴식,먹다,풍경,풍경
1592,평화의 소녀상,"['먹다', '역사']",1,5.0,먹다,역사,Nan,Nan,Nan
1593,평화의 소녀상,"['먹다', '역사']",1,5.0,먹다,역사,Nan,Nan,Nan
1594,평화의 소녀상,['먹다'],1,5.0,먹다,Nan,Nan,Nan,Nan
1595,와룡묘,[],2,4.0,Nan,Nan,Nan,Nan,Nan
1597,평화의 소녀상,['먹다'],1,5.0,먹다,Nan,Nan,Nan,Nan
1598,평화의 소녀상,"['먹다', '음식, 식사']",1,5.0,먹다,"음식, 식사",Nan,Nan,Nan
1599,평화의 소녀상,"['먹다', '공원', '역사']",1,5.0,먹다,공원,역사,Nan,Nan
1600,평화의 소녀상,"['휴식', '먹다']",1,5.0,휴식,먹다,Nan,Nan,Nan
1601,평화의 소녀상,"['먹다', '휴식']",1,5.0,먹다,휴식,Nan,Nan,Nan
1602,양천향교,"['유적지', '산책', '궁전', '역사']",2,4.0,유적지,산책,궁전,역사,역사
1603,평화의 소녀상,['먹다'],1,5.0,먹다,Nan,Nan,Nan,Nan
1604,평화의 소녀상,['먹다'],1,5.0,먹다,Nan,Nan,Nan,Nan
1605,수수보리 아카데미,['재미'],1,5.0,재미,Nan,Nan,Nan,Nan
1606,남인사 마당,['문화'],1,4.0,문화,Nan,Nan,Nan,Nan
1607,역삼동성당,[],1,5.0,Nan,Nan,Nan,Nan,Nan
1608,강북문화예술회관,"['공연', '산책']",1,5.0,공연,산책,Nan,Nan,Nan
1609,그라운드시소 서촌,"['궁전', '자연', '역사']",2,4.0,궁전,자연,역사,Nan,Nan
1614,하동매실거리,"['산책', '구매']",1,4.0,산책,구매,Nan,Nan,Nan
1616,신림동 순대타운,"['먹다', '싸다, 저렴하다', '가격']",1,4.0,먹다,"싸다, 저렴하다",가격,Nan,Nan
1617,전차381호,"['문화', '박물관', '전시관', '아이', '공원', '역사']",1,4.0,문화,박물관,전시관,아이,아이
1619,서울한방진흥센터,"['재미', '박물관', '전시관']",1,4.0,재미,박물관,전시관,Nan,Nan
1620,연화사,"['음식, 식사', '휴식']",2,4.0,"음식, 식사",휴식,Nan,Nan,Nan
1621,청운문학도서관,"['휴식', '박물관']",1,4.0,휴식,박물관,Nan,Nan,Nan
1624,일본국제교류기금 서울문화센터,['문화'],1,4.0,문화,Nan,Nan,Nan,Nan
1625,보광사,['휴식'],1,4.0,휴식,Nan,Nan,Nan,Nan
1626,영휘원과 숭인원,['휴식'],1,4.0,휴식,Nan,Nan,Nan,Nan
1627,삼전도비,"['역사', '산책']",4,3.25,역사,산책,Nan,Nan,Nan
1629,언더스탠드에비뉴,"['쇼핑', '문화', '음식, 식사', '재미']",3,3.666666667,쇼핑,문화,"음식, 식사",재미,재미
1631,서울특별시 교육연구정보원,"['재미', '아이']",1,4.0,재미,아이,Nan,Nan,Nan
1632,석굴암,[],1,4.0,Nan,Nan,Nan,Nan,Nan
1633,강풀만화거리,"['먹다', '음식, 식사', '산책', '재미', '요리']",2,3.5,먹다,"음식, 식사",산책,재미,재미
1634,석호정,"['궁전', '산책']",1,4.0,궁전,산책,Nan,Nan,Nan
1635,북한산영취사,[],1,4.0,Nan,Nan,Nan,Nan,Nan
1636,주한중국문화원,"['문화', '전시관']",1,4.0,문화,전시관,Nan,Nan,Nan
1637,종로홍보관,['전시관'],1,4.0,전시관,Nan,Nan,Nan,Nan
1638,개포2문화센터,"['문화', '싸다, 저렴하다', '강좌', '친구', '가격', '자연']",1,4.0,문화,"싸다, 저렴하다",강좌,친구,친구
1639,목은선생영당,[],1,4.0,Nan,Nan,Nan,Nan,Nan
1640,장충체육관,"['경기', '공원', '역사']",1,4.0,경기,공원,역사,Nan,Nan
1641,소악루,"['박물관', '산책']",2,3.5,박물관,산책,Nan,Nan,Nan
1643,e-스포츠 스타디움,[],1,4.0,Nan,Nan,Nan,Nan,Nan
1644,광희동 중앙아시아거리,"['음식, 식사', '역사', '문화', '싸다, 저렴하다', '쇼핑', '먹다', '관광지']",3,4.0,"음식, 식사",역사,문화,"싸다, 저렴하다","싸다, 저렴하다"
1645,평화의 소녀상,"['먹다', '공원', '역사']",2,4.5,먹다,공원,역사,Nan,Nan
1646,대림 시장,"['시장', '먹다', '싸다, 저렴하다', '비싸다', '음식, 식사']",3,3.333333333,시장,먹다,"싸다, 저렴하다",비싸다,비싸다
1648,장충동 족발골목,[],1,3.0,Nan,Nan,Nan,Nan,Nan
1649,살곶이다리,"['먹다', '역사', '유적지', '관광지']",2,3.0,먹다,역사,유적지,관광지,관광지
1650,몽골타운,"['싸다, 저렴하다', '음식, 식사', '자연', '문화', '관광지']",1,3.0,"싸다, 저렴하다","음식, 식사",자연,문화,문화
1651,호압사,['힐링'],1,3.0,힐링,Nan,Nan,Nan,Nan
1654,최규하대통령가옥,['가족'],1,3.0,가족,Nan,Nan,Nan,Nan
1655,마포주민편익시설,[],1,3.0,Nan,Nan,Nan,Nan,Nan
1656,세곡문화센터,"['싸다, 저렴하다', '강좌', '문화']",1,3.0,"싸다, 저렴하다",강좌,문화,Nan,Nan
1657,이화장,['공원'],1,3.0,공원,Nan,Nan,Nan,Nan
1658,아현동 웨딩드레스거리,['쇼핑'],2,2.5,쇼핑,Nan,Nan,Nan,Nan
1659,리틀 도쿄,"['음식, 식사', '구매']",5,2.8,"음식, 식사",구매,Nan,Nan,Nan
1660,황학정국궁전시관,"['궁전', '관광지', '싸다, 저렴하다', '휴식', '자연']",1,4.0,궁전,관광지,"싸다, 저렴하다",휴식,휴식
1661,강남스타일 말춤 무대,"['관광지', '휴식']",6,2.666666667,관광지,휴식,Nan,Nan,Nan
1662,충무로 애완동물 거리,"['쇼핑', '구매', '돈', '관광지', '전시관', '아이']",12,2.083333333,쇼핑,구매,돈,관광지,관광지
1705,원 데이 코리아 - 당일 투어,"['먹다', '역사', '관광지', '친구', '가족', '음식, 식사', '호텔']",247,4.955465587,먹다,역사,관광지,친구,친구
1706,DMZ 스파이 투어 - 당일 투어,"['역사', '유익하다', '먹다', '관광지', '음식, 식사', '호텔', '전쟁']",122,4.795081967,역사,유익하다,먹다,관광지,관광지
1707,슈퍼 바이크 투어,"['음식, 식사', '먹다', '역사', '관광지', '시장', '재미', '친구']",138,4.884057971,"음식, 식사",먹다,역사,관광지,관광지
1709,타기 트래블 코리아,"['음식, 식사', '재미', '가족', '관광지', '아이', '먹다', '친구']",37,5.0,"음식, 식사",재미,가족,관광지,관광지
1710,아웃도어 코리아,"['싸다, 저렴하다']",1,5.0,"싸다, 저렴하다",Nan,Nan,Nan,Nan
1711,위 사이클 코리아,"['역사', '재미', '친구', '먹다', '관광지', '박물관', '가격']",29,5.0,역사,재미,친구,먹다,먹다
1712,위 라이드,"['역사', '친구', '재미', '음식, 식사', '궁전', '상품', '쇼핑']",10,5.0,역사,친구,재미,"음식, 식사","음식, 식사"
1713,서울 라이딩,"['가족', '친구', '먹다', '음식, 식사']",1,5.0,가족,친구,먹다,"음식, 식사","음식, 식사"
1714,이랜드크루즈,"['음식, 식사', '먹다', '구매', '가격', '분수', '싸다, 저렴하다', '가족']",59,4.050847458,"음식, 식사",먹다,구매,가격,가격
1715,안녕한복,"['싸다, 저렴하다', '가격', '쇼핑', '체험', '가족', '친구', '궁전']",14,5.0,"싸다, 저렴하다",가격,쇼핑,체험,체험
1716,버딩 코리아,"['음식, 식사', '먹다', '풍경', '유익하다', '비싸다', '재미', '싸다, 저렴하다']",20,5.0,"음식, 식사",먹다,풍경,유익하다,유익하다
1717,Bergen travel,"['역사', '시장', '음식, 식사', '궁전', '관광지']",1,5.0,역사,시장,"음식, 식사",궁전,궁전
1718,관악산,"['휴식', '산책', '재미', '풍경', '공원', '친구', '음식, 식사']",26,4.653846154,휴식,산책,재미,풍경,풍경
1719,코리아 투어 플래너,"['음식, 식사', '재미', '친구', '관광지', '먹다', '문화', '호텔']",30,4.833333333,"음식, 식사",재미,친구,관광지,관광지
1720,SA Seoul,"['음식, 식사', '문화']",2,5.0,"음식, 식사",문화,Nan,Nan,Nan
1721,도봉산,"['공원', '재미', '풍경', '아이', '휴식', '관광지', '먹다']",13,4.846153846,공원,재미,풍경,아이,아이
1722,Canyoning Korea,"['재미', '아이', '자연', '커플']",3,5.0,재미,아이,자연,커플,커플
1723,더놀자투어 - 서울 당일 투어,"['역사', '자연', '호텔', '음식, 식사', '친구', '영화', '가족']",6,5.0,역사,자연,호텔,"음식, 식사","음식, 식사"
1724,윈터프렌드,"['호텔', '싸다, 저렴하다', '경기']",4,4.0,호텔,"싸다, 저렴하다",경기,Nan,Nan
1725,안산자락길,"['산책', '공원', '자연', '관광지', '아이', '호텔', '전망대']",7,4.571428571,산책,공원,자연,관광지,관광지
1726,서울 마리나 클럽 & 요트,"['음식, 식사', '가족', '먹다', '가격', '궁전', '문화', '여유']",5,4.0,"음식, 식사",가족,먹다,가격,가격
1727,월드컵 공원,"['공원', '아이', '먹다', '친구', '음식, 식사', '산책', '가족']",7,4.8571428569999995,공원,아이,먹다,친구,친구
1729,코리아 스크터 투어 by SYM 강남,"['친구', '재미', '가격', '휴식', '쇼핑']",5,5.0,친구,재미,가격,휴식,휴식
1730,한복소녀,"['쇼핑', '궁전']",2,5.0,쇼핑,궁전,Nan,Nan,Nan
1731,불암산,"['풍경', '가족', '휴식', '아이']",3,4.666666667,풍경,가족,휴식,아이,아이
1732,그날그한복 북촌점,"['재미', '친구', '쇼핑', '체험']",3,4.666666667,재미,친구,쇼핑,체험,체험
1734,Korea by local(코리아바이로컬),['재미'],2,5.0,재미,Nan,Nan,Nan,Nan
1735,플라이투더스카이,"['재미', '가격', '전망대', '휴식', '체험']",4,4.75,재미,가격,전망대,휴식,휴식
1737,절권도 트레이닝 스튜디오,"['강좌', '재미', '친구', '여유', '휴식', '체험']",3,5.0,강좌,재미,친구,여유,여유
1738,이화교복,"['예술', '쇼핑']",1,5.0,예술,쇼핑,Nan,Nan,Nan
1739,팀맥스어드벤처,"['음식, 식사', '친구', '역사']",4,3.75,"음식, 식사",친구,역사,Nan,Nan
1740,Budapest Cafe,"['음식, 식사', '재미', '먹다', '영화', '호텔']",2,5.0,"음식, 식사",재미,먹다,영화,영화
1741,용마산,"['아이', '공원', '전망대']",1,5.0,아이,공원,전망대,Nan,Nan
1742,코오롱스포렉스,"['재미', '음식, 식사', '궁전']",2,5.0,재미,"음식, 식사",궁전,Nan,Nan
1743,창동문화체육센터,"['싸다, 저렴하다', '가격']",2,5.0,"싸다, 저렴하다",가격,Nan,Nan,Nan
1744,서울세그웨이,"['재미', '활동', '휴식', '유익하다']",2,5.0,재미,활동,휴식,유익하다,유익하다
1745,더 케이 익스트림 홀리데이즈,"['시장', '싸다, 저렴하다', '음식, 식사']",1,5.0,시장,"싸다, 저렴하다","음식, 식사",Nan,Nan
1746,도령아씨 한복대여전문점,"['쇼핑', '궁전', '문화']",2,5.0,쇼핑,궁전,문화,Nan,Nan
1747,주렁주렁 - 타임스퀘어점,"['음식, 식사', '재미', '예술', '아이', '커플', '체험']",1,5.0,"음식, 식사",재미,예술,아이,아이
1748,골든블루마리나 - 서초지점,"['가족', '분수', '커플', '친구']",1,5.0,가족,분수,커플,친구,친구
1749,hanbokdan,"['재미', '가족', '쇼핑', '음식, 식사', '휴식', '자연']",1,5.0,재미,가족,쇼핑,"음식, 식사","음식, 식사"
1751,더 텐트,"['친구', '공원', '가격']",1,5.0,친구,공원,가격,Nan,Nan
1752,고운솔한복대여 북촌점,"['친구', '휴식', '가격']",1,5.0,친구,휴식,가격,Nan,Nan
1754,한강시민공원 광나루수영장,"['아이', '강좌', '음식, 식사', '구매']",1,4.0,아이,강좌,"음식, 식사",구매,구매
1755,나들길,"['공원', '강좌']",1,4.0,공원,강좌,Nan,Nan,Nan
1756,Happy Day Gym,"['휴식', '가격']",1,3.0,휴식,가격,Nan,Nan,Nan
1758,탐라랜드,['친구'],2,1.0,친구,Nan,Nan,Nan,Nan
1759,엔비다이버스,['구매'],8,4.5,구매,Nan,Nan,Nan,Nan
1831,오미 요리연구소,"['요리', '강좌', '음식, 식사', '시장', '친구', '재미', '먹다']",133,4.947368421,요리,강좌,"음식, 식사",시장,시장
1832,쿡코리언,"['요리', '강좌', '음식, 식사', '시장', '재미', '먹다', '친구']",127,4.992125983999999,요리,강좌,"음식, 식사",시장,시장
1834,Hello K Cooking Class,"['요리', '음식, 식사', '강좌', '재미', '시장', '문화', '유익하다']",9,4.8888888889999995,요리,"음식, 식사",강좌,재미,재미
1835,젠김치 코리안 푸드 투어,"['음식, 식사', '역사', '먹다', '재미', '친구', '문화', '관광지']",123,4.837398374,"음식, 식사",역사,먹다,재미,재미
1836,케이 쿠킹클래스,"['요리', '강좌', '음식, 식사', '시장', '재미', '문화', '먹다']",60,5.0,요리,강좌,"음식, 식사",시장,시장
1837,자넷 쿠킹스튜디오 & 서울 푸드 투어,"['음식, 식사', '요리', '시장', '강좌', '먹다', '문화', '재미']",111,5.0,"음식, 식사",요리,시장,강좌,강좌
1838,푸드 앤 컬쳐 아카데미,"['요리', '강좌', '음식, 식사', '재미', '먹다', '친구', '문화']",89,4.95505618,요리,강좌,"음식, 식사",재미,재미
1839,더 리얼 서울,"['음식, 식사', '먹다', '친구', '재미', '문화', '관광지', '호텔']",49,5.0,"음식, 식사",먹다,친구,재미,재미
1840,정이의 쿠킹 클라스,"['요리', '강좌', '음식, 식사', '시장', '먹다', '재미', '친구']",43,4.976744186,요리,강좌,"음식, 식사",시장,시장
1841,온고 푸드 커뮤니케이션즈,"['음식, 식사', '요리', '강좌', '먹다', '재미', '시장', '문화']",392,4.864795918,"음식, 식사",요리,강좌,먹다,먹다
1842,서울헌터즈,"['음식, 식사', '시장', '먹다', '문화', '역사', '재미', '요리']",54,4.8888888889999995,"음식, 식사",시장,먹다,문화,문화
1843,itseoulgood,"['음식, 식사', '시장', '먹다', '요리', '아이', '유익하다', '가격']",3,5.0,"음식, 식사",시장,먹다,요리,요리
1844,서울 푸드 투어 - 당일 투어,"['음식, 식사', '먹다', '문화', '재미', '요리', '친구', '역사']",57,4.929824561,"음식, 식사",먹다,문화,재미,재미
1845,딜렉터블 트래블스,"['음식, 식사', '먹다', '시장', '친구', '문화', '관광지', '가족']",44,4.954545455,"음식, 식사",먹다,시장,친구,친구
1846,아이러브한식,"['요리', '강좌', '음식, 식사', '친구', '재미', '먹다', '체험']",33,5.0,요리,강좌,"음식, 식사",친구,친구
1847,Withlocals.com Private Tours in Seoul,"['음식, 식사', '역사', '문화', '먹다', '시장', '요리', '상품']",5,5.0,"음식, 식사",역사,문화,먹다,먹다
1848,투데이즈 프렌드,"['음식, 식사', '친구', '먹다', '시장', '관광지', '문화', '궁전']",30,4.833333333,"음식, 식사",친구,먹다,시장,시장
1849,Korean Tour Guide,"['음식, 식사', '역사', '문화', '친구', '먹다', '재미', '시장']",40,4.8,"음식, 식사",역사,문화,친구,친구
1850,가스트로 투어 서울,"['음식, 식사', '친구', '요리', '역사', '관광지', '문화', '재미']",13,5.0,"음식, 식사",친구,요리,역사,역사
1851,마이 서울 트립,"['관광지', '음식, 식사', '역사', '궁전', '가족', '쇼핑', '시장']",28,4.964285714,관광지,"음식, 식사",역사,궁전,궁전
1852,유진의 키친,"['요리', '음식, 식사', '강좌', '시장', '재미', '친구', '문화']",22,5.0,요리,"음식, 식사",강좌,시장,시장
1853,사계절 쿠킹 클래스,"['요리', '강좌', '음식, 식사', '먹다', '문화', '재미', '친구']",24,4.958333333,요리,강좌,"음식, 식사",먹다,먹다
1854,더 술 컴파니 - 한국 술 투어,"['음식, 식사', '재미', '먹다', '역사', '관광지', '친구', '이벤트']",15,4.866666667,"음식, 식사",재미,먹다,역사,역사
1855,씨크릿 푸드 투어 서울,"['음식, 식사', '시장', '먹다', '역사', '산책', '문화', '재미']",6,5.0,"음식, 식사",시장,먹다,역사,역사
1856,익사이팅 코리아 - 프라이빗 당일 투어,"['가족', '역사', '음식, 식사', '관광지', '재미', '문화', '싸다, 저렴하다']",20,4.9,가족,역사,"음식, 식사",관광지,관광지
1857,소반 코리안 쿠킹클래스,"['요리', '강좌', '시장', '음식, 식사', '먹다', '재미', '문화']",13,4.923076923,요리,강좌,시장,"음식, 식사","음식, 식사"
1858,서울 어반 애드벤처즈,"['음식, 식사', '역사', '관광지', '박물관', '가격', '산책', '시장']",8,4.875,"음식, 식사",역사,관광지,박물관,박물관
1859,한국의 집,"['음식, 식사', '먹다', '재미', '문화', '공연', '예술', '요리']",7,4.714285714,"음식, 식사",먹다,재미,문화,문화
1861,Sunny's Dining,"['요리', '재미', '강좌', '휴식', '문화']",3,5.0,요리,재미,강좌,휴식,휴식
1862,Jay Choi,"['음식, 식사', '시장', '먹다', '요리', '역사', '문화', '친구']",5,5.0,"음식, 식사",시장,먹다,요리,요리
1863,전통주갤러리,"['재미', '친구', '역사', '강좌', '구매', '가족', '관광지']",8,4.5,재미,친구,역사,강좌,강좌
1864,서울 김치 체험관,"['강좌', '재미', '요리', '가족', '음식, 식사', '관광지', '체험']",16,4.0,강좌,재미,요리,가족,가족
1865,더 소울 오브 서울 투어,"['음식, 식사', '먹다', '관광지', '재미', '시장', '활동', '문화']",7,4.714285714,"음식, 식사",먹다,관광지,재미,재미
1866,맷오흐께,"['요리', '강좌', '친구', '음식, 식사', '먹다', '가격', '문화']",6,4.666666667,요리,강좌,친구,"음식, 식사","음식, 식사"
1867,베톤부르트 : 콘크리트바,"['친구', '아이', '음식, 식사']",6,5.0,친구,아이,"음식, 식사",Nan,Nan
1868,광장 시장 푸드 투어,"['시장', '음식, 식사', '먹다', '싸다, 저렴하다', '재미', '역사', '쇼핑']",4,4.5,시장,"음식, 식사",먹다,"싸다, 저렴하다","싸다, 저렴하다"
1869,바인웍스,"['음식, 식사', '친구', '가격', '이벤트', '먹다', '문화']",5,5.0,"음식, 식사",친구,가격,이벤트,이벤트
1870,DELISH KOREA,"['음식, 식사', '요리', '역사', '친구', '문화', '먹다', '자연']",5,5.0,"음식, 식사",요리,역사,친구,친구
1871,한국사찰음식문화체험관,"['음식, 식사', '체험', '요리', '가족', '문화', '전시관', '자연']",6,4.5,"음식, 식사",체험,요리,가족,가족
1872,Traveling Spoon,"['음식, 식사', '요리', '먹다', '친구', '가족', '경기', '비싸다']",3,5.0,"음식, 식사",요리,먹다,친구,친구
1874,플레이플래닛,"['가족', '가격', '문화', '역사']",3,5.0,가족,가격,문화,역사,역사
1875,여행친구유유,"['음식, 식사', '친구', '관광지', '먹다', '문화']",3,5.0,"음식, 식사",친구,관광지,먹다,먹다
1876,K팬 투어,"['먹다', '재미']",3,3.666666667,먹다,재미,Nan,Nan,Nan
1878,배추투어,"['음식, 식사', '가족', '친구', '궁전', '역사', '쇼핑', '게임']",3,5.0,"음식, 식사",가족,친구,궁전,궁전
1879,스피크이지,['휴식'],1,5.0,휴식,Nan,Nan,Nan,Nan
1880,서울 전통 문화 체험관,"['체험', '궁전', '문화']",1,5.0,체험,궁전,문화,Nan,Nan
1883,더 모먼트,[],1,5.0,Nan,Nan,Nan,Nan,Nan
1884,foodieon,"['음식, 식사', '재미', '요리', '먹다']",1,5.0,"음식, 식사",재미,요리,먹다,먹다
1885,위드램,[],1,5.0,Nan,Nan,Nan,Nan,Nan
1887,와이낫,"['싸다, 저렴하다', '가격']",1,4.0,"싸다, 저렴하다",가격,Nan,Nan,Nan
1888,SG Entertainment,"['재미', '휴식']",1,4.0,재미,휴식,Nan,Nan,Nan
1891,한솔요리학원 - 종로3가점,"['요리', '강좌', '재미', '먹다']",1,5.0,요리,강좌,재미,먹다,먹다
1934,서울 펍 크롤,"['친구', '재미', '이벤트', '가격', '돈', '먹다', '문화']",116,4.905172414,친구,재미,이벤트,가격,가격
1935,앱솔루트 서울 펍 크롤,"['친구', '재미', '문화', '게임', '활동', '가격', '싸다, 저렴하다']",46,4.891304348,친구,재미,문화,게임,게임
1936,GSM테라스,"['친구', '강좌', '재미', '싸다, 저렴하다', '먹다', '문화', '비싸다']",49,4.775510204,친구,강좌,재미,"싸다, 저렴하다","싸다, 저렴하다"
1937,우드스탁,"['먹다', '휴식', '재미', '호텔', '친구', '음식, 식사', '강좌']",25,4.72,먹다,휴식,재미,호텔,호텔
1938,올댓재즈,"['음식, 식사', '공연', '가격', '호텔', '싸다, 저렴하다', '비싸다', '먹다']",27,4.37037037,"음식, 식사",공연,가격,호텔,호텔
1939,믹스 & 몰트,"['음식, 식사', '먹다', '가격', '아이', '휴식', '친구', '돈']",19,4.947368421,"음식, 식사",먹다,가격,아이,아이
1940,르챔버,"['싸다, 저렴하다', '가격', '비싸다', '먹다', '음식, 식사', '휴식', '친구']",22,4.318181818,"싸다, 저렴하다",가격,비싸다,먹다,먹다
1941,오케이 퐁퐁,"['친구', '먹다', '재미', '싸다, 저렴하다', '게임', '음식, 식사', '가격']",23,4.9130434780000005,친구,먹다,재미,"싸다, 저렴하다","싸다, 저렴하다"
1942,골목바이닐앤펍,"['싸다, 저렴하다', '음식, 식사', '가격']",7,4.1428571430000005,"싸다, 저렴하다","음식, 식사",가격,Nan,Nan
1943,번,"['가격', '휴식', '싸다, 저렴하다', '비싸다', '친구', '먹다', '돈']",17,4.117647058999999,가격,휴식,"싸다, 저렴하다",비싸다,비싸다
1944,소프 서울,"['재미', '친구', '영화', '휴식', '공연']",9,4.333333333,재미,친구,영화,휴식,휴식
1945,레솔베르 시가샵 & 시가라운지,"['휴식', '가격']",4,5.0,휴식,가격,Nan,Nan,Nan
1946,마익스 케빈,"['싸다, 저렴하다', '가격', '재미', '친구', '먹다', '관광지', '강좌']",16,4.125,"싸다, 저렴하다",가격,재미,친구,친구
1947,클라시코,"['친구', '먹다', '궁전']",3,5.0,친구,먹다,궁전,Nan,Nan
1948,더연카페 & 바,[],1,5.0,Nan,Nan,Nan,Nan,Nan
1949,엔비투,"['돈', '친구', '재미', '싸다, 저렴하다', '가격', '활동', '콘서트']",9,3.5555555560000003,돈,친구,재미,"싸다, 저렴하다","싸다, 저렴하다"
1950,클럽 베라,['가격'],5,4.2,가격,Nan,Nan,Nan,Nan
1951,로드,"['음식, 식사', '먹다', '아이']",5,4.6,"음식, 식사",먹다,아이,Nan,Nan
1952,bar Cham,"['비싸다', '싸다, 저렴하다', '요리']",3,5.0,비싸다,"싸다, 저렴하다",요리,Nan,Nan
1953,파우스트 탄즈바,"['공연', '문화']",3,5.0,공연,문화,Nan,Nan,Nan
1954,옐로우자켓 뮤직바,"['친구', '휴식', '공연']",4,4.5,친구,휴식,공연,Nan,Nan
1955,더블에잇,"['친구', '휴식']",2,5.0,친구,휴식,Nan,Nan,Nan
1956,레인보우,"['돈', '먹다', '휴식', '공연']",5,4.4,돈,먹다,휴식,공연,공연
1957,커피 방앗간,"['음식, 식사']",1,5.0,"음식, 식사",Nan,Nan,Nan,Nan
1959,클럽 보니따 서울,[],2,4.0,Nan,Nan,Nan,Nan,Nan
1960,오아시스,['휴식'],2,5.0,휴식,Nan,Nan,Nan,Nan
1961,부기우기,"['공연', '친구', '먹다']",3,4.333333333,공연,친구,먹다,Nan,Nan
1962,마미블루,"['공연', '먹다']",2,5.0,공연,먹다,Nan,Nan,Nan
1963,De La Mano,[],2,5.0,Nan,Nan,Nan,Nan,Nan
1964,클럽 에프에프,"['가격', '콘서트']",2,4.5,가격,콘서트,Nan,Nan,Nan
1965,마콘도,[],1,5.0,Nan,Nan,Nan,Nan,Nan
1966,메이드인퐁당,[],1,4.0,Nan,Nan,Nan,Nan,Nan
1967,제이앤제이슨,"['체험', '공연']",2,5.0,체험,공연,Nan,Nan,Nan
1968,클럽 플렉스,['친구'],1,5.0,친구,Nan,Nan,Nan,Nan
1971,락휴코인노래연습장 건대점,"['싸다, 저렴하다', '친구']",3,3.666666667,"싸다, 저렴하다",친구,Nan,Nan,Nan
1972,보바베어,['호텔'],1,5.0,호텔,Nan,Nan,Nan,Nan
1973,더 소울 바이 제스,"['가격', '싸다, 저렴하다']",2,3.5,가격,"싸다, 저렴하다",Nan,Nan,Nan
1974,After Dark,"['싸다, 저렴하다', '비싸다', '예술']",1,5.0,"싸다, 저렴하다",비싸다,예술,Nan,Nan
1976,박스스튜디오,['상품'],1,5.0,상품,Nan,Nan,Nan,Nan
1977,와이낫,['친구'],1,5.0,친구,Nan,Nan,Nan,Nan
1978,헐리우드 그릴,"['싸다, 저렴하다', '음식, 식사', '가격']",1,4.0,"싸다, 저렴하다","음식, 식사",가격,Nan,Nan
1979,클럽 앤써,"['음식, 식사', '호텔']",3,4.666666667,"음식, 식사",호텔,Nan,Nan,Nan
1980,Bar 31B,"['음식, 식사']",1,5.0,"음식, 식사",Nan,Nan,Nan,Nan
1981,마익스케빈신촌,"['재미', '게임']",1,5.0,재미,게임,Nan,Nan,Nan
1982,클럽 디스타,['재미'],1,5.0,재미,Nan,Nan,Nan,Nan
1983,몽키비치 서울,[],1,5.0,Nan,Nan,Nan,Nan,Nan
1985,Minglecup,['재미'],1,4.0,재미,Nan,Nan,Nan,Nan
1986,더 방갈로,"['친구', '싸다, 저렴하다', '비싸다', '음식, 식사', '먹다', '이벤트', '자연']",8,3.0,친구,"싸다, 저렴하다",비싸다,"음식, 식사","음식, 식사"
1987,라 끌레,[],1,4.0,Nan,Nan,Nan,Nan,Nan
1988,찰스 에이치.,[],1,4.0,Nan,Nan,Nan,Nan,Nan
1989,재즈잇업,"['친구', '가격', '유익하다']",1,4.0,친구,가격,유익하다,Nan,Nan
1990,바 마리오,"['친구', '음식, 식사']",2,5.0,친구,"음식, 식사",Nan,Nan,Nan
1991,카페 유후인,"['강좌', '음식, 식사', '휴식']",1,5.0,강좌,"음식, 식사",휴식,Nan,Nan
1992,Show Am 7,"['재미', '관광지']",1,5.0,재미,관광지,Nan,Nan,Nan
1993,클럽 옥타곤,"['친구', '재미', '싸다, 저렴하다', '비싸다', '호텔', '돈', '가격']",30,3.566666667,친구,재미,"싸다, 저렴하다",비싸다,비싸다
1994,역삼(이층)맥주창고,"['음식, 식사', '재미', '친구', '문화']",4,4.5,"음식, 식사",재미,친구,문화,문화
1995,뱀파이어 홍대,[],1,5.0,Nan,Nan,Nan,Nan,Nan
1996,클럽 엠투,['재미'],2,2.5,재미,Nan,Nan,Nan,Nan
1997,My Boss is Watching,"['가격', '호텔']",1,2.0,가격,호텔,Nan,Nan,Nan
1998,팁시래빗츠,"['재미', '음식, 식사']",2,5.0,재미,"음식, 식사",Nan,Nan,Nan
2000,브릭스,[],1,3.0,Nan,Nan,Nan,Nan,Nan
2001,커피프린스 1호점,"['음식, 식사', '싸다, 저렴하다', '비싸다', '가격', '친구', '먹다', '관광지']",31,2.225806452,"음식, 식사","싸다, 저렴하다",비싸다,가격,가격
2002,소울 트레인 빈티지 뮤직 라운지,['재미'],4,4.5,재미,Nan,Nan,Nan,Nan
2003,클럽 페이스,"['친구', '재미', '싸다, 저렴하다', '가격', '자연', '여유']",10,3.0,친구,재미,"싸다, 저렴하다",가격,가격
2005,클럽 버닝썬,"['먹다', '영화', '호텔']",2,5.0,먹다,영화,호텔,Nan,Nan
2007,클럽 매스,"['친구', '재미', '커플', '공연']",11,2.454545455,친구,재미,커플,공연,공연
2032,북한산 국립공원,"['공원', '음식, 식사', '자연', '산책', '먹다', '휴식', '풍경']",424,4.6320754719999995,공원,"음식, 식사",자연,산책,산책
2033,여의도 한강공원,"['공원', '음식, 식사', '휴식', '산책', '친구', '먹다', '가족']",298,4.5,공원,"음식, 식사",휴식,산책,산책
2034,한강 공원,"['공원', '산책', '휴식', '먹다', '음식, 식사', '가족', '관광지']",775,4.495483871,공원,산책,휴식,먹다,먹다
2035,하늘공원,"['공원', '산책', '경기', '자연', '가족', '풍경', '나들이']",132,4.477272727,공원,산책,경기,자연,자연
2036,남산 공원,"['공원', '산책', '경기', '자연', '가족', '풍경', '나들이']",736,4.3505434780000005,공원,산책,경기,자연,자연
2037,여의도 공원,"['공원', '산책', '음식, 식사', '휴식', '먹다', '가족', '호텔']",306,4.330065359,공원,산책,"음식, 식사",휴식,휴식
2038,서울 어린이 대공원,"['아이', '공원', '박물관', '가족', '음식, 식사', '재미', '먹다']",205,4.336585366,아이,공원,박물관,가족,가족
2039,낙산공원,"['공원', '산책', '먹다', '커플', '음식, 식사', '풍경', '친구']",130,4.292307692,공원,산책,먹다,커플,커플
2040,롯데월드 아쿠아리움,"['아쿠아리움', '아이', '가격', '쇼핑', '싸다, 저렴하다', '가족', '음식, 식사']",68,4.147058824,아쿠아리움,아이,가격,쇼핑,쇼핑
2041,동대문 역사 문화 공원,"['공원', '쇼핑', '역사', '문화', '전시관', '산책', '먹다']",72,4.0138888889999995,공원,쇼핑,역사,문화,문화
2042,코엑스 아쿠아리움,"['아이', '아쿠아리움', '재미', '싸다, 저렴하다', '쇼핑', '비싸다', '가격']",317,4.1356466880000005,아이,아쿠아리움,재미,"싸다, 저렴하다","싸다, 저렴하다"
2043,석촌호수,"['산책', '음식, 식사', '공연', '공원', '휴식', '먹다', '친구']",45,4.488888889,산책,"음식, 식사",공연,공원,공원
2044,인왕산,"['궁전', '풍경', '휴식', '산책', '공원', '자연', '재미']",45,4.488888889,궁전,풍경,휴식,산책,산책
2045,선유도 공원,"['공원', '산책', '휴식', '음식, 식사', '커플', '나들이', '가족']",38,4.289473684,공원,산책,휴식,"음식, 식사","음식, 식사"
2046,용산 가족 공원,"['공원', '가족', '박물관', '아이', '산책', '나들이', '음식, 식사']",29,4.448275862,공원,가족,박물관,아이,아이
2047,아차산,"['공원', '산책', '아이', '친구', '풍경', '관광지', '경기']",25,4.4,공원,산책,아이,친구,친구
2048,서울식물원,"['공원', '아이', '산책', '가족', '재미', '커플', '싸다, 저렴하다']",18,4.444444444,공원,아이,산책,가족,가족
2049,꿈의 숲,"['공원', '산책', '아이', '가족', '휴식', '전망대', '커플']",22,4.6363636360000005,공원,산책,아이,가족,가족
2050,양재 시민 공원,"['산책', '공원', '휴식', '관광지', '아이', '가족', '커플']",21,4.428571429,산책,공원,휴식,관광지,관광지
2051,탑골 공원,"['공원', '역사', '휴식', '호텔', '싸다, 저렴하다', '관광지', '전시관']",32,3.5625,공원,역사,휴식,호텔,호텔
2052,경의선숲길,"['음식, 식사', '공원', '먹다', '산책', '친구', '가족', '쇼핑']",19,4.263157895,"음식, 식사",공원,먹다,산책,산책
2053,보라매 공원,"['공원', '산책', '아이', '분수', '가족', '재미', '음식, 식사']",22,4.409090909,공원,산책,아이,분수,분수
2054,응봉산,"['휴식', '풍경', '아이', '친구', '강좌', '먹다', '음식, 식사']",16,4.5,휴식,풍경,아이,친구,친구
2055,도산 공원,"['공원', '음식, 식사', '산책', '휴식', '먹다', '미술관', '역사']",21,4.0476190480000005,공원,"음식, 식사",산책,휴식,휴식
2057,뚝섬 한강공원 수영장,"['공원', '호텔', '아이', '싸다, 저렴하다', '음식, 식사', '휴식', '관광지']",16,4.25,공원,호텔,아이,"싸다, 저렴하다","싸다, 저렴하다"
2058,송파나루공원,"['공원', '산책', '음식, 식사', '쇼핑', '가족', '비싸다', '먹다']",9,4.555555556,공원,산책,"음식, 식사",쇼핑,쇼핑
2059,몽마르뜨 공원,"['공원', '산책', '휴식', '싸다, 저렴하다', '가족', '먹다', '음식, 식사']",19,4.473684211,공원,산책,휴식,"싸다, 저렴하다","싸다, 저렴하다"
2060,홍릉 수목원,"['산책', '자연', '휴식', '나들이', '음식, 식사', '가족', '돈']",17,4.352941176,산책,자연,휴식,나들이,나들이
2061,여의도 샛강 생태 공원,"['공원', '산책', '강좌', '휴식', '여유', '관광지', '돈']",12,4.416666667,공원,산책,강좌,휴식,휴식
2062,63 시월드,"['아쿠아리움', '아이', '전망대', '구매', '싸다, 저렴하다', '가격', '돈']",35,3.571428571,아쿠아리움,아이,전망대,구매,구매
2063,와룡 공원,"['공원', '산책', '휴식', '재미', '먹다', '전망대']",11,4.3636363639999995,공원,산책,휴식,재미,재미
2064,장충단공원,"['공원', '산책', '아이', '호텔', '먹다', '음식, 식사', '휴식']",12,4.25,공원,산책,아이,호텔,호텔
2065,삼청공원,"['아이', '공원', '산책', '음식, 식사', '휴식', '가족', '친구']",4,4.5,아이,공원,산책,"음식, 식사","음식, 식사"
2066,수성동 계곡,"['산책', '재미', '휴식', '미술', '미술관', '싸다, 저렴하다', '먹다']",9,4.555555556,산책,재미,휴식,미술,미술
2067,마로니에 공원,"['공원', '공연', '예술', '휴식', '미술관', '미술', '자연']",15,3.5333333330000003,공원,공연,예술,휴식,휴식
2068,낙성대공원,"['공원', '산책', '아이', '휴식', '가족', '먹다', '자연']",12,4.25,공원,산책,아이,휴식,휴식
2069,청운공원,"['공원', '풍경', '산책', '아이', '음식, 식사', '자연', '먹다']",6,4.5,공원,풍경,산책,아이,아이
2070,광나루 한강공원,"['공원', '여유', '먹다']",2,4.5,공원,여유,먹다,Nan,Nan
2071,용마폭포공원,"['공원', '아이', '관광지', '경기', '휴식']",3,4.666666667,공원,아이,관광지,경기,경기
2072,길동생태공원,"['자연', '공원', '산책', '아이', '휴식']",4,4.5,자연,공원,산책,아이,아이
2073,남산야외식물원,"['음식, 식사', '아이', '공원', '산책', '체험', '호텔', '자연']",4,4.25,"음식, 식사",아이,공원,산책,산책
2074,수락산,['휴식'],5,4.2,휴식,Nan,Nan,Nan,Nan
2075,서대문독립공원,"['공원', '박물관', '역사', '휴식']",2,4.0,공원,박물관,역사,휴식,휴식
2076,백범광장,"['공원', '시장', '산책', '관광지', '휴식', '호텔']",5,4.0,공원,시장,산책,관광지,관광지
2077,사직 공원,"['공원', '궁전', '역사', '휴식', '가족', '아이', '여유']",8,3.75,공원,궁전,역사,휴식,휴식
2078,사육신공원,"['공원', '산책', '음식, 식사', '싸다, 저렴하다', '먹다', '휴식', '시장']",6,3.666666667,공원,산책,"음식, 식사","싸다, 저렴하다","싸다, 저렴하다"
2079,서서울호수공원,"['공원', '산책', '분수', '관광지', '아이']",4,4.25,공원,산책,분수,관광지,관광지
2080,북악산,"['관광지', '궁전', '구매']",2,4.5,관광지,궁전,구매,Nan,Nan
2081,서울의 산과 공원,"['공원', '산책', '친구', '휴식', '풍경']",3,4.666666667,공원,산책,친구,휴식,휴식
2082,푸른수목원,"['자연', '나들이']",1,5.0,자연,나들이,Nan,Nan,Nan
2083,서울창포원,"['공원', '음식, 식사', '아이', '산책', '커플', '풍경', '관광지']",4,4.0,공원,"음식, 식사",아이,산책,산책
2084,백사실 계곡,"['궁전', '재미', '음식, 식사', '산책', '여유', '관광지']",4,4.25,궁전,재미,"음식, 식사",산책,산책
2085,홍제천 인공폭포,"['산책', '공원']",1,5.0,산책,공원,Nan,Nan,Nan
2086,잠원한강공원,"['공원', '산책']",1,4.0,공원,산책,Nan,Nan,Nan
2087,효창공원,"['공원', '싸다, 저렴하다', '활동', '박물관', '역사']",1,5.0,공원,"싸다, 저렴하다",활동,박물관,박물관
2089,우면산,['예술'],2,4.5,예술,Nan,Nan,Nan,Nan
2090,종묘광장공원,"['공원', '게임', '구매', '산책']",3,3.0,공원,게임,구매,산책,산책
2091,당남리섬,['가족'],1,5.0,가족,Nan,Nan,Nan,Nan
2093,서울장미공원,"['공원', '관광지', '산책']",1,5.0,공원,관광지,산책,Nan,Nan
2094,솔밭근린공원,"['공원', '관광지', '아이', '휴식']",1,5.0,공원,관광지,아이,휴식,휴식
2095,앙카라 공원,"['공원', '관광지']",1,3.0,공원,관광지,Nan,Nan,Nan
2097,일감호,['산책'],2,4.0,산책,Nan,Nan,Nan,Nan
2099,거여공원,"['공원', '산책']",1,4.0,공원,산책,Nan,Nan,Nan
2101,서소문공원,"['공원', '역사', '시장', '전시관', '관광지']",1,3.0,공원,역사,시장,전시관,전시관
2103,Hullyeonwon Park,"['공원', '휴식']",1,3.0,공원,휴식,Nan,Nan,Nan
2126,락스타클라이밍 송파 - 일일 체험,"['재미', '가격']",2,5.0,재미,가격,Nan,Nan,Nan
2127,리얼케이팝댄스,"['강좌', '재미', '활동']",1,5.0,강좌,재미,활동,Nan,Nan
2128,이본느모건,"['싸다, 저렴하다', '강좌']",1,5.0,"싸다, 저렴하다",강좌,Nan,Nan,Nan
2129,한국문화의집 코우스,"['체험', '문화', '공예', '활동', '공연']",1,5.0,체험,문화,공예,활동,활동
2193,명동난타극장,"['재미', '공연', '아이', '음식, 식사', '가족', '싸다, 저렴하다', '먹다']",126,4.523809524,재미,공연,아이,"음식, 식사","음식, 식사"
2194,쿠킹 난타,"['공연', '재미', '음식, 식사', '아이', '가족', '싸다, 저렴하다', '가격']",96,4.65625,공연,재미,"음식, 식사",아이,아이
2195,쿠킹 난타,"['재미', '공연', '아이', '요리', '가족', '엔터테인먼트', '싸다, 저렴하다']",373,4.568364611,재미,공연,아이,요리,요리
2196,점프! 코믹 무술 퍼포먼스,"['재미', '공연', '아이', '가족', '가격', '예술', '먹다']",55,4.345454545,재미,공연,아이,가족,가족
2197,정동극장,"['공연', '궁전', '예술', '문화', '음식, 식사', '친구', '재미']",30,4.666666667,공연,궁전,예술,문화,문화
2198,홍대난타전용극장,"['공연', '재미', '친구', '싸다, 저렴하다', '음식, 식사', '구매', '관광지']",29,4.551724138,공연,재미,친구,"싸다, 저렴하다","싸다, 저렴하다"
2199,세종 문화 회관,"['공연', '문화', '전시관', '예술', '콘서트', '음식, 식사', '미술관']",37,4.324324324,공연,문화,전시관,예술,예술
2200,뮤지컬 셰프,"['공연', '재미', '음식, 식사', '싸다, 저렴하다', '문화', '역사', '요리']",16,4.6875,공연,재미,"음식, 식사","싸다, 저렴하다","싸다, 저렴하다"
2201,쿠킹 난타,"['재미', '공연', '가격', '싸다, 저렴하다', '구매', '친구', '가족']",12,4.75,재미,공연,가격,"싸다, 저렴하다","싸다, 저렴하다"
2202,클라이브,"['콘서트', '공연', '쇼핑', '싸다, 저렴하다', '상품', '음식, 식사', '구매']",14,3.714285714,콘서트,공연,쇼핑,"싸다, 저렴하다","싸다, 저렴하다"
2203,파이어맨,"['공연', '재미', '아이', '가족', '먹다', '구매', '휴식']",8,4.5,공연,재미,아이,가족,가족
2204,샤롯데 씨어터,"['공연', '아이', '쇼핑', '먹다', '재미', '휴식', '아쿠아리움']",25,4.12,공연,아이,쇼핑,먹다,먹다
2205,드럼캣,"['재미', '공연', '아이', '친구', '구매', '가격', '엔터테인먼트']",10,4.4,재미,공연,아이,친구,친구
2206,페인터즈 히어로,"['공연', '재미', '예술', '친구', '아이', '관광지', '미술관']",28,4.8571428569999995,공연,재미,예술,친구,친구
2207,예술의전당 오페라하우스 자유소극장,"['공연', '예술', '산책', '문화', '가족', '아이', '돈']",22,4.454545455,공연,예술,산책,문화,문화
2208,판타스틱,"['공연', '재미', '친구', '관광지', '아이', '문화', '예술']",21,4.0476190480000005,공연,재미,친구,관광지,관광지
2209,국립극장,"['공연', '먹다', '음식, 식사', '산책', '예술', '싸다, 저렴하다', '자연']",19,4.421052632,공연,먹다,"음식, 식사",산책,산책
2210,LG 아트센터,"['공연', '예술', '음식, 식사', '먹다', '요리', '콘서트', '휴식']",9,4.444444444,공연,예술,"음식, 식사",먹다,먹다
2211,명동 예술 극장,"['공연', '예술', '음식, 식사', '문화', '역사', '쇼핑', '재미']",9,4.222222222,공연,예술,"음식, 식사",문화,문화
2212,충무아트센터,"['공연', '예술', '음식, 식사', '휴식', '친구', '먹다', '여유']",13,4.230769231,공연,예술,"음식, 식사",휴식,휴식
2213,시네코아비밥전용관,"['재미', '요리', '공연', '관광지', '엔터테인먼트']",3,5.0,재미,요리,공연,관광지,관광지
2214,충정로 난타극장,"['관광지', '아이', '친구', '공연', '비싸다', '먹다', '예술']",5,4.6,관광지,아이,친구,공연,공연
2215,사춤 시어터,"['친구', '재미', '호텔', '휴식', '관광지']",6,4.333333333,친구,재미,호텔,휴식,휴식
2216,마포아트센터,"['공연', '예술', '강좌', '가격', '싸다, 저렴하다', '문화', '콘서트']",8,4.375,공연,예술,강좌,가격,가격
2217,롯데콘서트홀,"['콘서트', '공연', '관광지', '휴식', '전망대', '쇼핑']",5,4.2,콘서트,공연,관광지,휴식,휴식
2218,두산아트센터 연강홀,"['공연', '음식, 식사', '영화', '나들이']",5,4.6,공연,"음식, 식사",영화,나들이,나들이
2220,비보이 시티 인 서울 - 쿵 (홍대 전용관),"['공연', '재미', '비싸다', '가격']",5,4.4,공연,재미,비싸다,가격,가격
2221,비보이를 사랑한 발레리나,['호텔'],1,3.0,호텔,Nan,Nan,Nan,Nan
2222,동숭아트센터,"['공연', '예술', '역사']",3,4.333333333,공연,예술,역사,Nan,Nan
2224,두산아트센터,"['예술', '박물관']",1,4.0,예술,박물관,Nan,Nan,Nan
2225,동양 예술 극장,['공연'],1,4.0,공연,Nan,Nan,Nan,Nan
2226,대학로 마루아트홀,"['아이', '재미', '공연']",1,5.0,아이,재미,공연,Nan,Nan
2227,성균소극장,"['공연', '휴식']",1,5.0,공연,휴식,Nan,Nan,Nan
2228,사물놀이 한울림,"['공연', '예술']",1,5.0,공연,예술,Nan,Nan,Nan
2229,Olympus Hall,[],1,4.0,Nan,Nan,Nan,Nan,Nan
2230,열린극장,"['재미', '공연']",1,5.0,재미,공연,Nan,Nan,Nan
2232,강남아트홀,['재미'],2,4.0,재미,Nan,Nan,Nan,Nan
2233,롯데 월드 예술 극장,['관광지'],2,4.0,관광지,Nan,Nan,Nan,Nan
2234,오리지널 드로잉쇼 전용관,"['친구', '공연']",2,4.0,친구,공연,Nan,Nan,Nan
2235,롯데카드 아트센터,"['공연', '음식, 식사']",1,4.0,공연,"음식, 식사",Nan,Nan,Nan
2236,Woori Financial Art Hall,"['공연', '공원', '아이']",1,4.0,공연,공원,아이,Nan,Nan
2258,별마당 도서관,"['아이', '휴식', '쇼핑', '관광지', '재미', '이벤트', '비싸다']",61,4.2459016389999995,아이,휴식,쇼핑,관광지,관광지
2260,코엑스 센터,"['쇼핑', '음식, 식사', '전시관', '먹다', '호텔', '비싸다', '영화']",69,3.927536232,쇼핑,"음식, 식사",전시관,먹다,먹다
2263,서울도서관,"['음식, 식사', '전시관', '재미', '풍경', '전망대', '궁전', '문화']",10,4.7,"음식, 식사",전시관,재미,풍경,풍경
2268,국립중앙도서관,"['음식, 식사', '전시관', '싸다, 저렴하다', '먹다', '돈', '산책', '공원']",9,4.444444444,"음식, 식사",전시관,"싸다, 저렴하다",먹다,먹다
2269,현대카드 뮤직 라이브러리,"['돈', '재미', '비싸다', '휴식', '풍경', '전시관', '문화']",7,4.285714286,돈,재미,비싸다,휴식,휴식
2273,서울특별시 교육청 정독도서관,"['음식, 식사', '싸다, 저렴하다']",1,5.0,"음식, 식사","싸다, 저렴하다",Nan,Nan,Nan
2274,도봉문화정보 도서관,[],2,4.5,Nan,Nan,Nan,Nan,Nan
2276,서울대학교 규장각,"['아이', '호텔', '박물관', '전시관', '문화']",3,3.333333333,아이,호텔,박물관,전시관,전시관
2292,롯데월드,"['아이', '재미', '놀이공원', '공원', '먹다', '음식, 식사', '휴식']",1291,3.859024012,아이,재미,놀이공원,공원,공원
2293,용마랜드,"['공원', '재미', '아이', '친구', '먹다', '자연', '이벤트']",11,4.454545455,공원,재미,아이,친구,친구
2294,롯데월드 스타 애비뉴,"['아이', '싸다, 저렴하다', '전시관', '재미', '쇼핑', '관광지', '휴식']",12,3.25,아이,"싸다, 저렴하다",전시관,재미,재미
2296,다이노스타 - 용인점,"['음식, 식사', '이벤트', '싸다, 저렴하다', '먹다', '친구']",1,3.0,"음식, 식사",이벤트,"싸다, 저렴하다",먹다,먹다
2297,디보 빌리지,['쇼핑'],1,1.0,쇼핑,Nan,Nan,Nan,Nan
2300,서울빛초롱축제,"['음식, 식사', '관광지', '재미', '전시관', '예술', '이벤트', '산책']",36,4.666666667,"음식, 식사",관광지,재미,전시관,전시관
2301,서울불꽃축제,"['공원', '재미', '엔터테인먼트', '공연', '아이', '싸다, 저렴하다', '관광지']",22,4.3636363639999995,공원,재미,엔터테인먼트,공연,공연
2302,하이서울페스티벌,"['예술', '공연', '음식, 식사', '체험', '커플', '문화', '아이']",3,4.666666667,예술,공연,"음식, 식사",체험,체험
2303,한성백제문화제,"['문화', '공원', '역사', '음식, 식사', '공연']",2,5.0,문화,공원,역사,"음식, 식사","음식, 식사"
